date,UNC,UNCf,UNCr,VIX,INFLV,INFLC,CPTL,LVL,YSP,LIQNT,EPU,EPUT,IVOL,CREDIT
31/01/1986,0.012503631,-0.002941748,0.012757745,0.0151,0.004754576,-0.001405434,0.0206,2.454695902,0.007380655,-0.03721785,0.02268901,0.01887119,0.577769453,0.0139
28/02/1986,0.016975284,0.009369025,0.016067776,0.0134,0.004310937,0.001962497,0.1103,1.880802633,0.00415189,0.01992839,0.00353476,0.040286756,0.612914181,0.0144
31/03/1986,0.024444507,0.031803047,0.018807152,0.0176,0.008506343,-0.000878012,0.0697,1.264841367,0.005373057,0.044051,0.00073041,-0.092790196,0.646333235,0.015
30/04/1986,0.004477676,0.002205474,-0.002140415,0.0353,0.014556445,0.000165672,-0.0467,1.251760882,0.008261867,0.02365303,-0.00983183,0.014440978,0.659433483,0.014
31/05/1986,-0.01447323,0.004440602,-0.010569471,-0.0278,0.015623375,0.001048864,0.0359,1.734461411,0.011232892,0.01866728,-0.01772835,-0.017105076,0.66078962,0.012
30/06/1986,-0.00641429,0.021627802,-0.003666432,-0.0364,0.014592583,-0.001243383,-0.0366,1.275065529,0.010660562,-0.06443195,-0.01012613,0.056312867,0.66578372,0.0121
31/07/1986,-0.006650771,0.028721511,0.005743212,-0.0043,0.013947823,0.000673959,-0.0741,1.227417593,0.010522618,0.01892841,0.00960785,0.01576116,0.625310635,0.0128
31/08/1986,-0.010269295,0.053629268,-0.009283434,0.0153,0.012635326,0.001033127,0.0904,0.818683363,0.011917648,0.01217406,-0.00456714,0.038649709,0.579184593,0.0146
30/09/1986,-0.004714611,0.015645968,-0.006662777,-0.0077,0.012596586,0.000511888,-0.1447,1.19497419,0.014039994,-0.02456268,0.00446584,0.01568675,0.561837349,0.0131
31/10/1986,0.006413056,0.018806191,0.008360361,0.0627,0.00957443,0.000506829,0.058,1.070756567,0.011000971,0.06243723,-0.02050907,-0.079808416,0.571584874,0.0138
30/11/1986,-0.003657305,-0.020493847,-0.002987296,-0.0631,0.00436748,0.000501805,-0.0123,0.9862291,0.009294313,0.02188727,0.00351103,-0.037818743,0.549627706,0.0139
31/12/1986,0.00515496,-0.010272115,-0.000499327,0.0067,0.00432633,-0.000370112,-0.0515,1.085670616,0.00778173,0.0323153,-0.00605218,0.013390717,0.530520133,0.0148
31/01/1987,0.01925725,0.014648725,0.023350234,-0.0045,0.004287141,0.00013603,0.0901,0.996807594,0.008132677,-0.0098514,0.01314616,0.037012017,0.560127595,0.0136
28/02/1987,0.01268836,0.035587765,0.017912884,0.0465,0.005716443,0.000133246,-0.0018,1.004406785,0.007414188,0.02514955,-0.01296903,-0.091385068,0.582407421,0.0127
31/03/1987,-0.015345658,-0.037607694,-0.004391878,-0.0058,0.00467878,0.000130476,-0.0382,1.232949307,0.008000047,0.01660034,0.01293963,0.032277852,0.598379522,0.0125
30/04/1987,-0.032841711,-0.026741761,-0.032293403,0.0002,0.004667725,0.000985721,-0.0037,1.790813087,0.00933368,-0.10956067,-0.01122515,-0.010024435,0.573046285,0.0119
31/05/1987,-0.012669863,-0.001632349,-0.014536062,0.0534,0.004109534,0.003038018,-0.004,2.017277371,0.010156092,0.03127609,-0.0008168,-0.0135483,0.580512776,0.0118
30/06/1987,-0.016751462,0.005940846,-0.01545172,-0.0582,0.003241216,-0.00103058,0.0281,1.886112469,0.011519098,0.05657753,0.01111499,-0.006830641,0.585213022,0.012
31/07/1987,-0.009635836,0.033965939,-0.008860418,-0.0141,0.003282152,-0.001230899,0.0155,2.054658414,0.011300848,-0.02578796,-0.0148099,-0.008125969,0.564283928,0.0119
31/08/1987,-0.002181136,0.055696479,0.003247405,-0.0354,0.002761331,0.001453995,0.0233,2.310428154,0.011467444,0.01217454,-0.03151004,-0.016464492,0.542025518,0.0113
30/09/1987,0.006832984,0.08410821,0.006481589,0.0462,0.00300434,0.00045693,-0.024,2.83206865,0.011455418,-0.05534377,0.00414342,0.011811521,0.516369763,0.0113
31/10/1987,0.013152562,0.130227541,0.011590007,-0.0024,0.003013477,0.001291523,-0.2795,2.220438884,0.013203779,-0.39268927,0.06462168,0.128478858,0.516333389,0.011
30/11/1987,0.019257669,0.2048042,0.017994756,0.3307,0.002999877,0.001625908,-0.1107,2.286630405,0.012851163,-0.07073068,0.011819,-0.025534275,0.524215183,0.0122
31/12/1987,-0.004928843,-0.18878831,-0.012030033,-0.0917,0.002748703,-0.001370979,0.07,2.21298719,0.009334308,-0.02809042,-0.01994941,-0.037230475,0.563340604,0.0118
31/01/1988,0.000204539,-0.124541905,0.010290065,-0.0924,0.003194763,9.31E-05,0.0717,1.756184663,0.009398234,-0.07583863,-0.00395121,0.090681441,0.587100191,0.0119
29/02/1988,-0.00423034,-0.096354035,0.007743626,0.0024,0.003147642,0.0017462,0.0181,1.675811382,0.009581664,0.06221758,-0.01493713,-0.122773407,0.614509383,0.0122
31/03/1988,-0.01466632,-0.06808553,-0.01376768,-0.0665,0.00297261,-0.000882147,-0.0812,1.981529006,0.010688658,0.02637721,-0.01153186,-0.020003164,0.636194751,0.0118
30/04/1988,-0.018823428,-0.078462482,-0.019751421,0.0122,0.002689902,0.001728522,0.0166,2.208839471,0.010825294,0.02876195,0.00860352,-0.000308292,0.636929478,0.0123
31/05/1988,-0.008968788,-0.054241764,-0.008778859,-0.0499,0.005508003,0.001573508,0.0489,2.5152763,0.00918298,-0.00171222,-0.01751024,0.008383176,0.629832268,0.0114
30/06/1988,-0.008232828,-0.031619235,-0.006930253,-0.0178,0.005534926,-0.000546678,0.0682,2.249991442,0.00732636,0.01933267,-0.00636323,-0.017011478,0.60262181,0.0114
31/07/1988,-0.002233912,-0.012470447,-0.006361433,-0.0058,0.005282439,0.001219084,0.002,2.520543347,0.006723854,0.03229522,-0.00460054,0.006171577,0.569500369,0.0115
31/08/1988,-0.002529478,-0.035080773,0.002372325,-0.0211,0.00540482,-7.37E-05,-0.0154,2.665252445,0.005622237,0.02649088,0.01497648,-0.00915118,0.543345328,0.011
30/09/1988,-0.001145856,-0.02483006,-0.000440591,0.0123,0.004441171,0.000397302,0.0161,2.419943072,0.003649321,0.00111598,-0.00560436,0.006112992,0.536736809,0.0108
31/10/1988,0.002608502,-0.016785241,0.002422187,-0.048,0.003763667,0.002801679,-0.0121,2.234522547,0.003430655,0.00297793,0.00767669,0.006817467,0.52858945,0.009
30/11/1988,0.001032716,-0.009003656,5.19E-06,0.0405,0.002430749,-0.000225393,-0.0152,2.625812011,0.001794532,-0.00931725,0.01172911,0.070972416,0.535029639,0.0103
31/12/1988,0.004133001,-0.000574263,-0.003832086,-0.0312,0.001581495,-8.74E-05,-0.023,2.709091514,0.001770326,0.00213971,-0.01429356,-0.061058602,0.525535823,0.0108
31/01/1989,0.016955027,-0.003590059,0.010086844,-0.0014,0.001670305,0.0003761,0.0808,2.610450991,-0.000413275,0.07441023,0.00540903,0.048584977,0.560417589,0.0103
28/02/1989,0.028596033,0.002660614,0.012125081,-0.0078,0.001612558,0.001162767,-0.0326,2.912881166,-0.00140492,0.01227245,-0.02023052,-0.052841718,0.562545732,0.0097
31/03/1989,0.006354403,-0.006180148,0.020536112,-0.0019,0.001508105,-9.61E-05,0.0541,2.969514543,-0.00282161,0.00683067,0.01237084,-0.02023165,0.556768541,0.0087
30/04/1989,-0.00590706,-0.002883067,-0.002351785,-0.0133,0.002324898,0.001147913,0.0074,2.692445499,-0.001179658,-0.00360202,0.01164738,0.011768947,0.572936078,0.0082
31/05/1989,-3.68E-05,0.008737511,0.004585905,-0.0006,0.005478741,-0.000102046,0.0374,2.37212346,-0.001641186,0.04803131,-0.02104702,-0.001858664,0.577080956,0.0089
30/06/1989,0.006023283,0.010543805,0.01253156,0.0129,0.005188535,0.001133267,-0.0484,1.921884394,-0.001888182,0.00050057,0.0070237,-0.028229607,0.574126604,0.0093
31/07/1989,-0.002395305,0.008203515,-0.003510785,-0.0046,0.005245674,0.000668824,0.1142,1.605073844,-0.000872674,0.02469981,-0.01026982,0.03027586,0.542868507,0.0094
31/08/1989,0.007157088,0.019751856,0.017774614,0.0185,0.005601381,-0.000111078,-0.002,2.039298053,-0.001128303,-0.05378194,0.01129046,-0.013985719,0.547164102,0.0092
30/09/1989,0.000832131,-0.000626425,0.00774719,-0.0225,0.008472783,-0.000432321,0.0112,2.133573495,-0.001414996,0.01571399,-0.00494218,-0.019749093,0.555513194,0.009
31/10/1989,-0.015080123,0.014704299,-0.016789939,-0.0134,0.008511244,0.000788431,-0.0712,1.734764551,-0.000421157,-0.11341527,0.00067849,0.039993313,0.550723941,0.0089
30/11/1989,-0.000913947,0.031275933,-0.001511575,0.0705,0.00621654,0.002632447,-0.0149,1.663989442,0.000433114,0.01638802,0.01625244,-0.024410554,0.550481291,0.0092
31/12/1989,0.0048785,0.004729464,0.009371235,-0.0411,0.005716076,-0.000257036,-0.0035,1.798266323,-0.000136047,0.00835103,-0.0007539,0.022562519,0.555813875,0.0096
31/01/1990,0.026497488,0.024274192,0.033177861,-0.0149,0.005709763,0.000634665,-0.1097,2.130502824,0.001958241,-0.00601552,-0.00673605,0.019040584,0.596681384,0.0095
28/02/1990,0.036960254,0.048284829,0.039693402,0.0763,0.010913168,0.000628717,0.0256,2.204473138,0.003520419,0.02545627,-0.01076822,-0.010043414,0.61242368,0.0092
31/03/1990,-0.011101983,-0.011826981,-0.017695529,-0.0297,0.008670668,0.001376678,-0.0349,2.349317109,0.002053048,0.03496192,-0.00352567,-0.019487912,0.618137272,0.0084
30/04/1990,-0.016714146,0.007043246,-0.02331194,0.0094,0.00783343,0.002423963,-0.0426,2.63157726,0.0038338,0.00813897,-0.00940359,-0.000285799,0.634374697,0.0084
31/05/1990,-0.007326157,0.030604386,-0.0081132,-0.0441,0.008713626,-0.000711136,0.0986,2.290460111,0.003614637,0.01081232,0.04187624,-0.000392872,0.657879767,0.0094
30/06/1990,-0.005325856,0.033990431,-0.014241049,-0.0134,0.00973775,-0.000142991,-0.0325,2.123538818,0.002836412,-0.0039163,0.0019888,-0.001021077,0.677952642,0.0096
31/07/1990,-0.003500692,0.01326228,-0.013429969,-0.0083,0.009914788,0.002513313,-0.0723,2.014148846,0.003768434,-0.0162279,-0.00895712,0.015769256,0.650558364,0.0096
31/08/1990,0.004252368,0.04184,-0.001494829,0.0538,0.00585307,0.001194485,-0.1113,2.35216293,0.005511622,0.00356192,0.03059563,0.05285142,0.641661314,0.01
30/09/1990,0.016482934,0.067663046,0.011472237,0.0794,0.008672323,0.001915912,-0.1389,2.289318344,0.006431694,0.05742455,0.01553005,0.04743941,0.637109237,0.0108
31/10/1990,-0.006772919,-0.018456879,-0.00674675,-0.0152,0.009214795,-0.000715993,-0.0768,2.12908493,0.006711539,0.04872363,-0.01657576,0.046842677,0.636773713,0.0121
30/11/1990,0.010036518,-0.036468588,0.014972035,0.0219,0.008238729,0.000566133,0.1185,1.892502545,0.004698514,0.00720201,0.0041714,-0.045494731,0.651264789,0.0132
31/12/1990,0.014408363,-0.025380743,0.011603275,-0.0796,0.007410732,-0.000163686,0.0515,1.701378917,0.00686863,-0.03005,-0.01080582,-0.059173352,0.649994779,0.0138
31/01/1991,-0.000730366,-0.033001929,-0.007361123,0.0433,0.007928135,0.001702334,0.0506,1.617801988,0.009153055,0.02249361,0.04117348,0.121528263,0.705953451,0.0141
28/02/1991,0.000661061,-0.005614496,0.002992547,-0.0558,0.008242324,0.002998749,0.106,1.609076205,0.010375359,-0.03830775,-0.06044515,-0.088210986,0.774996691,0.0124
31/03/1991,-0.012865929,-0.014921548,-0.016080794,-0.0018,0.008405324,0.00028635,0.0109,1.625381789,0.013005033,-0.02536583,0.00081225,-0.079857141,0.838413335,0.0116
30/04/1991,-0.019134766,-0.044264112,-0.011883969,-0.0344,0.00846044,-0.00172543,0.0198,1.552523114,0.013816306,0.04377399,-0.00878402,-0.004966417,0.870323052,0.0108
31/05/1991,-0.009524654,-0.031119213,0.008714226,0.0035,0.005270968,0.000653384,0.0379,1.595285047,0.012967941,-0.00006267,-0.012483,-0.001395554,0.845817055,0.01
30/06/1991,-0.015405438,-0.007475597,-0.003523971,-0.009,0.005737524,0.000233714,-0.0955,1.713840335,0.014407306,0.04932604,0.00217893,-0.004388103,0.832248269,0.0095
31/07/1991,-0.010212007,-0.003403453,-0.007230699,0.0177,0.00537964,0.00093587,0.0782,1.622539899,0.014725967,0.00287164,-0.00340603,0.026976088,0.826563442,0.0089
31/08/1991,-0.016090859,-0.018110268,-0.014613832,-0.0317,0.004783646,0.000516472,0.0464,1.33331531,0.014259591,-0.02112269,0.00706396,-0.032360974,0.798444305,0.009
30/09/1991,-0.013886103,-0.015654484,-0.017099735,0.011,0.004569017,0.001211416,-0.0225,1.073357054,0.013750311,0.01618941,0.01645227,0.007189033,0.753928744,0.009
31/10/1991,-0.003138974,0.001155487,5.91E-05,-0.0176,0.002635629,9.54E-05,-0.0208,0.992139599,0.014923773,0.01995082,-0.01150639,0.043998106,0.747042176,0.0094
30/11/1991,-0.008690568,0.015877959,-0.009284061,0.0079,0.003139666,-0.000890517,-0.1008,0.889298207,0.016793981,-0.00296858,0.01670773,0.107937486,0.745345657,0.0097
31/12/1991,0.000804746,0.031083573,-0.002799524,0.0458,0.00379001,0.00131169,0.0895,0.407319087,0.017952394,-0.07357594,0.01774996,-0.043388924,0.764594494,0.0095
31/01/1992,0.008043277,0.02181666,0.010504439,-0.0123,0.003782759,0.000492354,0.0237,0.754654508,0.020570592,-0.04227593,-0.03079827,0.049781418,0.909391734,0.0093
29/02/1992,0.003864179,-0.031004208,0.008375798,-0.0075,0.004442829,-0.000201513,0.0442,0.783577945,0.020541329,0.01188019,0.01633593,-0.037157236,0.90348288,0.0094
31/03/1992,-0.002032281,-0.041494299,0.000457635,-0.0132,0.00441654,-0.000487669,0.0588,0.997270465,0.022744072,0.0215656,-0.03383094,-0.061667387,0.912969057,0.009
30/04/1992,-0.008310239,-0.029410688,-0.014988047,-0.004,0.004695976,0.00128542,0.0133,0.967103814,0.024578555,0.04550346,-0.00412353,-0.047829052,0.868090099,0.0088
31/05/1992,-0.000426933,-0.021852726,-0.011414241,0.0013,0.004407418,-0.000207547,0.0194,0.765098472,0.022499292,0.05052605,0.00929265,0.012829585,0.849667736,0.0085
30/06/1992,-0.007454001,-0.020864793,-0.003702651,-0.0218,0.003321355,0.000871964,0.001,0.616561467,0.021690551,0.00804843,0.02547422,-0.014456634,0.829191431,0.0083
31/07/1992,-0.002482558,-0.002762934,0.001057284,-0.0109,0.003304249,-0.000891586,-0.0017,0.292329354,0.021084028,-0.05195348,-0.00143424,0.036399721,0.626471239,0.0077
31/08/1992,0.006182052,-0.01318295,0.014629251,0.0049,0.002029133,0.001259757,-0.0633,0.198834733,0.020748379,-0.00201209,-0.00500741,0.065447865,0.578851299,0.007
30/09/1992,-0.000267492,-0.009862148,0.006261536,-0.0043,0.002048192,-0.000891831,0.005,0.016239866,0.021886894,0.03270762,0.0111121,-0.02685544,0.550326063,0.007
31/10/1992,0.005340076,-0.014549697,0.005076166,0.0291,0.001277235,-0.000775726,0.0203,0.363257292,0.022162289,-0.05414941,0.01150217,0.055225306,0.561931796,0.0085
30/11/1992,0.006121194,-0.003020293,0.004894073,0.0036,0.00284663,0.002984582,0.0799,0.517729721,0.022638743,0.03187124,-0.01974493,-0.045195102,0.585400599,0.0086
31/12/1992,-0.006573858,0.007811145,-0.011974847,-0.0387,0.002672712,-0.00100918,0.099,0.343232673,0.023413659,0.02333135,-0.01190895,-0.080021249,0.596780278,0.0083
31/01/1993,0.009702906,-0.010976254,0.01745,0.0056,0.003350094,0.000168627,0.0286,0.085911709,0.020684932,0.04052532,-0.00433758,0.055011867,0.63126584,0.0076
28/02/1993,0.000415534,-0.004833637,0.001890464,-0.0103,0.00358973,0.000832116,0.0292,-0.149879611,0.018510364,-0.01025181,0.0174322,0.041945088,0.635195195,0.0068
31/03/1993,-0.016356774,-0.002802449,-0.020790043,0.0127,0.003603187,0.000436321,-0.0003,-0.137371647,0.01858879,-0.00706513,0.00159534,-0.052325963,0.637988343,0.0057
30/04/1993,-0.004525052,-0.003394935,-0.002533344,-0.0058,0.00400793,-0.001555641,-0.0415,-0.17205105,0.018147425,0.0376187,-0.01230103,-9.80E-05,0.637214544,0.0068
31/05/1993,-0.00590802,-0.000762911,-0.013204336,-0.0012,0.003338408,0.002254194,0.0114,-0.050680051,0.016260184,0.00918761,0.02433282,0.100592841,0.622350725,0.0078
30/06/1993,-0.006990209,-0.012116029,-0.012514156,0.0077,0.003328052,-0.000620796,0.0635,-0.277487948,0.015113291,0.00934653,-0.00754089,-0.055759218,0.642347019,0.0074
31/07/1993,-0.011379779,-0.013884112,-0.011974836,-0.0216,0.003955861,-0.000507551,0.025,-0.273164823,0.015057295,0.00883167,-0.00846426,-0.011886071,0.603595892,0.0076
31/08/1993,-0.008585931,-0.007287343,-0.00512797,-0.0004,0.003552873,-0.000780269,0.0406,-0.525386574,0.012859366,0.02522179,-0.01155215,0.029410634,0.681921161,0.0075
30/09/1993,-0.000105671,0.001969671,0.001335306,1.00E-04,0.003550941,0.001568557,0.019,-0.549281208,0.013492328,0.03645046,0.00024233,-0.078897544,0.677043759,0.0068
31/10/1993,0.007905753,-0.001921205,0.01270505,0.0035,0.003557342,-0.002200561,-0.0575,-0.533708482,0.013189283,0.01427176,-0.021787,-0.049023865,0.684354118,0.0064
30/11/1993,0.004978668,0.007281226,0.001838102,-0.0005,0.004265876,0.001940725,-0.0139,-0.297296548,0.014516835,0.02094429,6.89E-05,0.006910807,0.6671355,0.0073
31/12/1993,0.000264845,0.00934327,0.001218819,0.0205,0.004252539,0.000406848,0.0211,-0.280274708,0.015074092,0.02956369,-0.00703628,0.000715173,0.629557225,0.0076
31/01/1994,0.025936945,0.00242391,0.034161929,-0.0126,0.003579432,-0.000245386,0.0745,-0.401771789,0.01444075,0.06981674,0.00248947,0.021829594,0.643884355,0.0073
28/02/1994,0.008610501,0.003208059,0.006136601,-0.0192,0.004763705,-0.001161571,-0.0613,0.03322378,0.014593388,-0.03992657,0.0145829,-0.02793301,0.563087996,0.0068
31/03/1994,-0.008219725,0.00676574,-0.011304244,0.0518,0.004856773,0.00024173,-0.1147,0.463892176,0.017028733,-0.01090847,-0.00758638,-0.013829732,0.546694236,0.0065
30/04/1994,-0.001881712,0.012154979,-0.003181949,0.0804,0.004699645,0.001150552,0.0277,0.74325289,0.014799583,-0.05269315,0.01341005,0.014734269,0.520511162,0.0064
31/05/1994,-0.014521348,-0.02087342,-0.028681594,-0.0976,0.004146519,-0.001536959,0.0376,0.867568305,0.013547146,-0.00172541,-0.00388906,-0.005423535,0.522142455,0.0063
30/06/1994,-0.005009888,-0.006181915,-0.017374281,-0.0139,0.003881196,0.000875774,-0.0383,1.003996029,0.014230762,-0.03634845,-0.00414753,-0.005843006,0.514093834,0.0068
31/07/1994,-0.004144467,0.00061484,-0.007950048,0.0164,0.004125708,0.000760708,0.0329,0.833387671,0.012482344,0.06230696,-0.00700883,-0.007109259,0.48758932,0.0069
31/08/1994,-0.001366179,-0.00424509,-0.003082963,-0.0319,0.003230241,-0.000894383,0.0079,0.923216133,0.011807706,0.03498219,0.00745511,0.004079726,0.499118894,0.0067
30/09/1994,0.001234826,0.003355968,0.00782776,0.0069,0.004007705,0.000488917,-0.0621,1.250186301,0.012731472,0.01569692,-0.00219603,0.005257205,0.504094344,0.0064
31/10/1994,0.001093707,-0.002971563,0.000237582,0.0358,0.004077952,0.000113034,0.0229,1.395292145,0.012939835,0.03165374,-0.01413103,0.02382024,0.513674941,0.0063
30/11/1994,0.000828318,0.00044253,0.008130051,-0.006,0.004088536,-0.000523146,-0.0579,1.608052018,0.007929855,-0.04690194,0.01527628,0.040396517,0.510830721,0.0064
31/12/1994,-0.00255946,0.00957998,-0.003465927,0.0185,0.004024086,0.00047897,-0.0088,1.636538544,0.005295691,-0.01298256,1.97E-05,-0.032838582,0.551688241,0.0064
31/01/1995,0.004931326,-0.015155213,0.003694426,-0.0244,0.004093296,-0.001787611,0.0388,1.412210744,0.006659697,0.06074538,0.01615993,0.040793988,0.583498744,0.0062
28/02/1995,0.002573148,-0.008539518,0.007079656,-0.0252,0.003826561,0.00310121,0.0619,1.137519212,0.006244915,0.02392908,-0.02163187,-0.018523193,0.571133099,0.0059
31/03/1995,0.010031779,-0.002578818,0.016117862,-0.0008,0.0026898,-0.001004284,-0.0487,1.112376178,0.005250057,-0.01318745,-0.00822645,-0.02177759,0.578984905,0.0058
30/04/1995,-0.001211141,-0.008562357,0.004911506,0.0185,0.002692304,0.000723466,0.0476,0.99274148,0.004950044,0.05006098,-0.01210484,-0.026585552,0.584922686,0.0057
31/05/1995,0.002394276,0.000583789,0.008786887,-0.0136,0.002488392,0.000352332,0.0721,0.422273718,0.002018042,0.00970296,0.00871058,-0.005301767,0.600052404,0.0055
30/06/1995,-0.001313312,0.00579121,0.001463484,0.0007,0.002666678,-0.000895461,-0.0167,0.368032562,0.00228661,-0.03699037,0.0049712,0.017317531,0.585725375,0.006
31/07/1995,-0.008301994,0.012951263,-0.001069299,-0.0064,0.002681636,0.000453397,0.0585,0.51344615,0.004620227,0.0103073,0.00336454,-0.008246746,0.583505799,0.0063
31/08/1995,-5.29E-06,0.00935914,0.008985387,0.0199,0.003164409,-0.000532432,0.0441,0.424119902,0.00358072,0.01932789,-0.01627434,-0.034271531,0.596141675,0.0062
30/09/1995,0.003912047,-0.004501089,0.006748863,-0.0227,0.003134343,0.000447361,0.0574,0.334644283,0.003089208,-0.02646718,0.00846141,0.027278064,0.598144588,0.0061
31/10/1995,-0.00767421,0.006761385,-0.015748287,0.0266,0.003380079,8.25E-05,-0.0786,0.196693379,0.002303984,0.00469288,0.00540088,0.027442322,0.589448852,0.0063
30/11/1995,0.003868283,0.013751104,-0.000476806,-0.0054,0.00169979,0.000694825,0.055,0.015476501,0.001223949,0.05727101,0.00990677,0.005563119,0.584155487,0.0066
31/12/1995,0.011519642,-0.005366769,0.00351775,-0.023,0.00184707,-0.000896059,-0.0188,-0.145262858,0.002014465,-0.03063973,-0.00618559,0.007039331,0.578237193,0.0067
31/01/1996,0.011416208,-0.012322946,0.023173809,0.0108,0.001892498,-0.001403913,0.0656,-0.184810707,0.003132376,-0.00920525,0.00631595,0.025744455,0.576747922,0.0066
29/02/1996,0.021707403,-0.003222864,0.036177389,0.0046,0.005255384,0.002371805,0.0313,0.19466182,0.004970838,0.07089108,-0.01482855,-0.017779752,0.58276556,0.0064
31/03/1996,0.010809195,0.006793327,0.016680018,0.0407,0.005259337,-0.001253962,0.0077,0.405734153,0.005830376,-0.04568257,-0.00318219,-0.023355671,0.579628192,0.0068
30/04/1996,-0.012916893,0.013855375,-0.026194956,0.0118,0.005109598,0.000425394,-0.0058,0.618158816,0.007302208,0.01699809,-0.00346179,-0.011926393,0.610132126,0.0069
31/05/1996,-0.018927954,0.024489976,-0.024794469,-0.0183,0.00541228,-0.001147939,0.0203,0.745398499,0.007939466,0.02323355,0.00023714,0.004937855,0.69078673,0.0068
30/06/1996,-0.01651661,0.021924357,-0.028672879,0.0079,0.00506117,0.000775458,-0.0272,0.654914331,0.006695767,-0.0114124,0.01175191,-0.012346771,0.672330989,0.0069
31/07/1996,-0.009086174,0.031003121,-0.016513862,-0.0308,0.004651667,6.27E-05,0.0041,0.723109861,0.006115851,-0.01543578,-0.00756887,-0.023612852,0.652580653,0.007
31/08/1996,-0.004695161,0.035440367,-0.009814984,0.0498,0.002969285,-0.000542998,0.0329,0.840953615,0.007679169,0.09047444,0.01004743,0.051997287,0.638076495,0.0072
30/09/1996,-0.000673722,-0.008806436,-0.002740996,-0.0029,0.003371148,-0.000190827,0.0457,0.654269758,0.006862099,-0.01831788,-0.00568263,-0.038072607,0.636843654,0.0069
31/10/1996,-0.002167218,-0.013629091,-0.002655746,-0.0142,0.003343712,0.001009743,0.0646,0.394687261,0.005680683,-0.03700623,-0.01377968,0.031127299,0.610119294,0.0068
30/11/1996,0.000778625,-0.002633317,0.003433761,0.0084,0.002674467,-0.000897015,0.0716,0.204997825,0.003586128,-0.01287471,0.01001271,-0.004163138,0.533694599,0.0069
31/12/1996,-0.000521375,0.005213727,-0.002557408,0.0004,0.002895531,0.0004025,-0.0316,0.44141274,0.006130824,0.02448737,-0.00423449,-0.030342905,0.5439412,0.0069
31/01/1997,0.00035821,-0.00271704,-0.001661262,0.0321,0.002759638,-0.001144454,0.0932,0.504360821,0.005524588,0.04862682,0.00499414,0.037089439,0.575435359,0.0067
28/02/1997,0.000561965,0.011780298,0.00199757,-0.0156,0.002775452,0.000746781,0.0306,0.596065938,0.005955216,-0.01784333,0.01272898,-0.0246674,0.572150245,0.0063
31/03/1997,0.002587712,0.013773585,0.00362518,0.0131,0.002186658,-0.000548662,-0.1006,0.847895193,0.006865412,0.01542272,-0.01268498,-0.019597055,0.563518054,0.0063
30/04/1997,-0.003778831,0.024629338,-0.009489705,-0.0005,0.003331918,-0.000201519,0.0705,0.719590047,0.006025584,0.02040793,0.00044198,0.001550373,0.563341736,0.0061
31/05/1997,0.002317695,0.016841828,-0.000449091,-0.0097,0.003505796,0.000982,0.0121,0.659463307,0.005831353,0.04112931,-0.00199616,0.031607838,0.572668377,0.0062
30/06/1997,-0.002280759,0.032354614,-0.000869351,0.0098,0.003375212,-0.000897599,0.0343,0.561757522,0.006033407,-0.00671706,0.00502485,-0.014032199,0.578916174,0.0061
31/07/1997,-0.000406645,-0.006756072,0.005208927,0.0015,0.002885286,-0.000796463,0.1349,0.212488123,0.003154539,0.00085949,-0.00458811,-0.007196357,0.57092913,0.0061
31/08/1997,0.006375891,0.006636421,0.012265025,0.0129,0.002624581,0.000137776,-0.0588,0.456377792,0.00426371,-0.01185292,-0.01008499,0.011291865,0.583726551,0.006
30/09/1997,0.010158235,0.000595888,0.019394441,0.0224,0.003176256,-0.001385643,0.0689,0.286618111,0.003642516,0.03278903,-0.00265032,-0.015589214,0.61310358,0.0055
31/10/1997,-0.00603012,0.010966946,-0.003691951,-0.0221,0.003517812,0.001066897,-0.0204,0.123152223,0.002046108,-0.11047537,0.02249259,0.00156744,0.635253086,0.0057
30/11/1997,-0.001338167,-0.005881238,0.00206795,0.0977,0.003242619,3.22E-05,0.0663,0.157296794,0.00151358,0.07162881,-0.00525826,0.008666083,0.613560735,0.0055
31/12/1997,0.001039253,-0.016271352,-0.002443562,-0.0608,0.001928746,-0.001140379,0.0001,0.035862901,0.001161273,0.02988966,0.01035059,-0.005349823,0.616519068,0.0056
31/01/1998,0.001724063,0.000618229,-0.002276681,-0.0259,0.002612168,0.000713222,0.0065,-0.14304101,7.65E-05,-0.07349613,0.00229615,0.042720394,0.621919577,0.0058
28/02/1998,0.007314908,0.014356783,0.002441024,-0.0206,0.002616852,2.65E-05,0.0918,-0.014202918,0.000758161,-0.00065785,-0.00222119,-0.031427831,0.624472919,0.0058
31/03/1998,-0.00137286,0.030201437,-0.002015446,-0.0217,0.003042291,-0.000557309,0.0149,-0.002422777,0.0010717,-0.00799624,-0.01043112,0.027483694,0.620159269,0.006
30/04/1998,0.001841276,0.008286097,0.006521463,0.0418,0.002598045,-0.00021784,0.0179,0.012889842,0.001418963,0.09565266,-0.00518818,-0.017211689,0.626814753,0.0064
31/05/1998,0.009620673,0.022713884,0.013883606,-0.0403,0.002104081,-0.000219098,0.0109,-0.052191353,0.000930988,0.01315258,0.00265497,-0.029205509,0.628898067,0.0061
30/06/1998,0.006048107,0.049803993,0.007424514,0.0349,0.003235788,0.000358184,0.0249,-0.155059641,1.87E-05,-0.03124441,0.00043124,0.03299207,0.623095833,0.006
31/07/1998,0.015635647,0.060919981,0.027057159,-0.0483,0.003212024,-0.00056018,0.0278,-0.118169446,-1.91E-06,0.0052857,0.01189066,-0.009798811,0.615065197,0.006
31/08/1998,0.012337168,0.097291131,0.018965179,0.0798,0.003808745,-0.00022326,-0.2467,-0.509919855,-0.001394637,0.01112149,0.01323107,-0.003530894,0.605792225,0.0062
30/09/1998,0.021389244,0.104509459,0.024239272,0.105,0.003205549,0.000925587,-0.1315,-0.892548791,-0.001982943,-0.25712288,0.02255339,0.043906091,0.640080449,0.0069
31/10/1998,-0.010114433,-0.091817963,-0.035961124,0.07,0.002610086,-0.00147268,0.3965,-0.814417907,0.000376271,0.05880409,-0.01408012,-0.003885411,0.655933887,0.0081
30/11/1998,-0.011818002,-0.068367031,-0.025182685,-0.1622,0.002825583,-0.000465163,-0.0048,-0.716467669,0.000513101,0.11742467,-0.01693503,-0.042882317,0.792459794,0.0093
31/12/1998,-0.010122086,-0.045211596,-0.017826043,-0.0229,0.002597539,0.000679111,-0.0089,-0.729676153,-0.000181091,-0.10788602,-0.00154014,-0.003233889,0.839690328,0.0101
31/01/1999,-0.004039287,-0.028223655,-0.005747398,0.012,0.002568481,0.00114754,0.0388,-0.741214686,-0.001128887,0.06629948,0.00723886,0.061689005,0.922736427,0.0105
28/02/1999,-0.000984642,-0.013492148,-0.004671568,0.015,0.002213136,-0.001802137,0.0281,-0.270242645,0.002044187,-0.06341193,-0.01626145,-0.067588376,0.936268786,0.0099
31/03/1999,0.003214972,0.004260183,-0.004752489,0.007,0.003108426,-0.001607262,0.0535,-0.320210149,0.002991732,-0.00628188,-0.01638306,-0.00310173,0.926755416,0.0091
30/04/1999,-0.001788522,-0.012176463,-0.010852555,-0.0631,0.003111075,-0.00037299,0.0466,-0.27033162,0.00331718,0.27847604,0.00153242,0.001663312,0.947435075,0.0084
31/05/1999,0.001286597,0.007705507,-0.005367017,0.0209,0.008234773,0.002134595,-0.0524,-0.02642015,0.004912224,-0.14065244,-0.00044442,-0.020319511,0.83572197,0.0079
30/06/1999,-0.004917123,-0.022041447,-0.007055188,0.0247,0.008423027,-0.001797727,0.0541,0.047208689,0.005420603,0.06122667,0.00592259,0.017690108,0.801498046,0.0079
31/07/1999,-0.00551385,-0.007522185,0.001980437,-0.0693,0.008855921,-0.001037458,-0.023,0.160457008,0.005556612,0.05392669,0.006802,0.037165964,0.725753764,0.0076
31/08/1999,-0.00439813,-0.003527229,0.003220033,0.059,0.009601775,0.001554451,-0.0504,0.24276167,0.004642277,-0.01567142,-0.01025994,-0.034742224,0.723133677,0.0075
30/09/1999,-0.000318385,0.01152403,0.00422263,-0.0266,0.008974386,-0.001463343,-0.0479,0.16506631,0.004108824,-0.07648436,0.00026305,-0.019740787,0.696847438,0.0081
31/10/1999,0.004916218,0.016141851,0.008029201,0.02,0.008667898,0.001215227,0.1038,0.268653291,0.004590241,0.08283496,-0.00710468,0.003959229,0.663067055,0.0083
30/11/1999,0.011304658,0.027056474,0.012650601,-0.0284,0.006110061,-0.00089964,-0.0055,0.393091944,0.003659162,-0.0399152,0.01935228,0.002677724,0.752097711,0.0079
31/12/1999,0.006552685,0.03834132,-0.001493654,0.0014,0.005576131,-0.000242979,-0.0101,0.577140726,0.003854593,-0.08367758,0.00174564,0.015057915,0.839910453,0.0064
31/01/2000,0.016610208,0.046904817,0.010738226,0.0198,0.003886683,-0.000244152,-0.0809,0.710644166,0.004063196,-0.0448348,0.00539207,0.008576085,0.896019025,0.0055
29/02/2000,0.019447822,0.044115669,0.019474658,-0.0076,0.003116015,0.001429255,-0.0421,0.604541695,0.003275681,-0.01319558,-0.01160015,0.006900961,1.040637801,0.0061
31/03/2000,0.004281537,0.055786128,-0.005919274,-0.0181,0.003764919,-0.002340606,0.0882,0.380855532,-0.000399542,0.1101055,-5.31E-05,-0.015990336,1.073849779,0.0069
30/04/2000,0.006760014,0.001789463,0.001699289,0.0239,0.005519692,0.002071255,-0.0426,0.515842061,-0.000299959,-0.21825238,-0.00148908,-0.003612117,1.078893394,0.0076
31/05/2000,0.014917236,-0.031330696,0.00509074,0.0185,0.007564177,-0.001225277,0.0401,0.566382547,-0.00199533,0.08385485,0.02192698,0.006678655,0.991526315,0.0091
30/06/2000,0.01274625,-0.023587931,0.014181864,-0.0352,0.007573269,0.000302071,-0.018,0.382914496,-0.002392163,-0.15727814,-0.00502119,-0.015298861,0.954174222,0.0081
31/07/2000,0.004142773,-0.014023678,0.001233707,-0.0253,0.008657601,-2.42E-05,0.105,0.329828897,-0.002531249,-0.06049753,-0.01351804,0.000300644,0.892957289,0.007
31/08/2000,-0.013295952,-0.03508331,-0.007336205,0.0072,0.008663907,-2.62E-05,0.1216,0.207565732,-0.003674059,0.01790968,-0.01286564,-0.01355945,0.779531218,0.0071
30/09/2000,-0.005007431,-0.007874384,-0.002713653,-0.0302,0.009645075,-2.82E-05,-0.0596,0.201801538,-0.00409251,-0.15458351,0.00856031,0.022028531,0.757317863,0.0073
31/10/2000,0.004618362,-0.008084457,0.004702432,0.037,0.009140231,-3.02E-05,0.0075,0.141376478,-0.004905238,-0.00280674,0.00952008,0.019570388,0.751748921,0.0079
30/11/2000,-0.000422878,0.002562788,-0.000436534,0.0305,0.007735257,-0.000579734,-0.086,-0.06561533,-0.005770029,-0.12848951,0.04040581,0.03521557,0.771369116,0.0083
31/12/2000,1.57E-05,0.021395591,0.000894914,0.032,0.007746121,0.000832737,0.0528,-0.355582715,-0.004285727,0.06775413,-0.00979882,0.029315581,0.759564908,0.0081
31/01/2001,0.014705423,0.01264518,0.016495511,0.0251,0.005941178,-0.001446175,0.029,-0.51352683,0.001664551,-0.05363475,-0.00385268,-0.003840395,0.933147272,0.0078
28/02/2001,0.007368235,-0.012467968,0.001223535,-0.0833,0.007687997,0.001688663,-0.0567,-0.624184728,0.001197804,-0.06298795,-0.00049819,0.054614354,0.917444341,0.0077
31/03/2001,-0.002303017,-0.023503987,-0.003163765,0.0642,0.006256781,-0.000133992,-0.0122,-0.697780235,0.003886368,0.02584271,0.0051091,-0.011154042,0.923915155,0.0086
30/04/2001,-0.005042732,-0.022794429,-0.006438402,0.0313,0.006050818,-0.000901038,0.0459,-0.484194715,0.008603455,0.10807173,0.00664646,-0.067993849,0.952973305,0.0087
31/05/2001,0.004672053,-0.014629753,0.010574569,-0.0701,0.00605729,0.000272503,0.0361,-0.505284887,0.011652085,0.11303359,-0.02224439,0.011547005,0.954048276,0.0078
30/06/2001,-0.001295343,-0.017287204,-0.005633337,-0.0261,0.006982624,-0.001124697,-0.0271,-0.477166365,0.011439432,0.08293481,-0.01403875,-0.047027705,0.924104898,0.0079
31/07/2001,0.00698502,0.001809168,0.002371415,-0.0283,0.006991746,0.002198106,-0.0065,-0.774951237,0.011367147,-0.00224396,0.01574158,0.040958709,0.754311466,0.0084
31/08/2001,0.012040483,0.022952726,0.001006384,0.018,0.007729586,-0.00099419,-0.0327,-0.902291261,0.011075668,0.05748775,-0.01784273,-0.02003047,0.748008193,0.0083
30/09/2001,0.021858682,0.037251068,0.00513502,0.0529,0.007988391,-0.000587649,-0.1302,-1.206359616,0.014590828,-0.12553059,0.10377037,0.101379773,0.740274128,0.0086
31/10/2001,0.043266594,0.061924174,0.007205208,0.0647,0.008623042,0.000259523,-0.0313,-1.567132431,0.016147374,0.09997532,-0.01491612,0.096603938,0.762072826,0.0088
30/11/2001,0.004840155,-0.048727324,0.003030644,-1.00E-04,0.010908764,-0.000588966,0.079,-1.207914017,0.020248578,-0.00966469,-0.04256773,-0.09754016,0.764177677,0.0084
31/12/2001,-0.027827178,-0.039264284,-0.020830953,-0.0654,0.008688095,0.001851214,-0.0239,-1.033128347,0.023734391,0.05239643,-0.01333905,-0.060770216,0.764688251,0.0128
31/01/2002,-0.035285073,-0.038813726,-0.017104552,-0.0306,0.007963889,-0.001524184,0.0029,-1.006968639,0.021688805,-0.01506557,-0.00039913,0.05536695,0.771550508,0.0132
28/02/2002,-0.02153388,-0.020651958,-0.00670796,-0.0159,0.007963889,-0.000281096,-0.0276,-1.090941093,0.020519514,-0.0085391,-0.02923677,-0.092582301,0.757761672,0.0138
31/03/2002,-0.030765535,-0.00091198,-0.014206801,-0.0116,0.008175213,0.000246817,0.0851,-0.668444749,0.021785,0.02567111,-0.00416026,-0.005394482,0.755431362,0.013
30/04/2002,-0.017958628,0.015510829,-0.009316627,-0.0123,0.007144511,-0.0016492,-0.0114,-0.953494622,0.022389842,-0.03344169,0.00512567,-0.005226549,0.699022988,0.0127
31/05/2002,-0.018073719,0.007471513,-0.00805094,0.0133,0.00676598,0.001388431,0.065,-0.996232262,0.020519276,-0.04458321,-0.00226724,0.001837206,0.67022765,0.0134
30/06/2002,-0.017757849,0.02601051,-0.010856522,0.0331,0.005838221,-0.000902096,-0.0788,-1.186687462,0.02059013,-0.05775062,0.00731136,0.004482065,0.647983147,0.0132
31/07/2002,-0.003764716,0.052775815,-0.001068979,0.0374,0.004849868,-0.000812271,-0.0809,-1.468633217,0.018269666,0.00249634,0.01669495,0.040584853,0.631355342,0.0137
31/08/2002,-5.20E-05,0.054345992,0.001440615,0.0984,0.004812235,1.99E-05,0.0301,-1.695506281,0.01479795,-0.00460156,0.00570965,-0.042248349,0.651298299,0.0121
30/09/2002,-0.002147951,-0.038716435,0.003804357,0.0302,0.004810297,0.001282729,-0.1323,-2.045397539,0.01168917,-0.09225098,0.00802832,0.016348124,0.643233636,0.0125
31/10/2002,-0.000641443,0.001186664,0.001300343,-0.0585,0.004808191,-0.001731189,0.0548,-1.90029068,0.013966642,-0.1479374,-0.01215717,0.000432337,0.674656833,0.0141
30/11/2002,-0.000332403,-0.050930953,-0.000842219,-0.0482,0.002822692,-0.000507728,0.0809,-1.653900584,0.018273628,0.01567773,0.01139841,0.037508524,0.743894049,0.0131
31/12/2002,0.009239862,-0.033941671,0.010527088,-0.0184,0.002624353,0.000534572,-0.0717,-1.988511811,0.01565421,-0.00860844,-0.00106271,0.043086114,0.744845645,0.0124
31/01/2003,0.014567127,-0.040233396,0.016778084,-0.0207,0.001583315,-0.001118167,-0.0575,-1.883483494,0.0168332,-0.08649022,0.01673173,0.093914189,0.753947905,0.0118
28/02/2003,0.017199194,-0.042807724,0.011634498,0.0563,0.003731447,1.04E-05,-0.0046,-2.076033724,0.014034543,-0.03791977,-0.01222566,-0.011008057,0.719506396,0.0111
31/03/2003,0.009339391,-0.024735578,0.00059341,-0.0059,0.005772375,-0.001333223,-0.0271,-2.022240918,0.015444306,-0.06915178,0.03679606,-0.009510443,0.715907082,0.0106
30/04/2003,0.000170755,-0.009480298,-0.013159725,-0.0207,0.00578621,-0.0012455,0.1216,-2.009565816,0.016564763,-0.00817877,-0.02789625,-0.073768304,0.692406161,0.0111
31/05/2003,0.011514928,0.018020415,-0.002227243,-0.0677,0.011138936,-0.000942304,0.045,-2.294547528,0.011272245,0.02222661,-0.03300773,-0.003739074,0.671830686,0.0116
30/06/2003,-0.016225561,-0.017771109,-0.014967384,-0.0074,0.012187529,0.001133462,0.0095,-2.222771473,0.013540539,-0.00200314,-0.00679252,-0.059799405,0.690548335,0.0122
31/07/2003,-0.011192845,-0.049072567,-0.010589073,-0.0139,0.012172326,-0.001635247,0.0476,-1.639752171,0.019461047,0.01869331,-0.00408579,-0.034167515,0.684866829,0.0113
31/08/2003,-0.000281549,-0.022527049,0.00020169,0.0129,0.011552571,0.00082568,0.0061,-1.593130801,0.022078313,0.00109976,0.0039303,0.022072494,0.689951271,0.0113
30/09/2003,-0.000951405,-0.022465088,-0.000254354,-0.0173,0.010585751,-0.001116789,0.0009,-1.983339225,0.017177656,-0.02825667,0.01044395,-0.005274676,0.68827874,0.0107
31/10/2003,-0.000159539,-0.011591819,-0.005429447,0.0205,0.011117721,-0.00102901,0.0743,-1.709322383,0.019849162,0.01086407,-0.01807197,-0.012187992,0.67231427,0.0103
30/11/2003,-0.009348966,0.001386562,-0.002786482,-0.0452,0.008619597,0.000303967,0.0002,-1.641359946,0.01861386,-0.02275172,-0.00312555,-0.012144751,0.604450651,0.0101
31/12/2003,-0.012623818,-0.04220548,0.00193502,0.0022,0.007109625,-0.001845323,0.0354,-1.74882526,0.019089307,0.04915844,0.00681875,0.012187207,0.575971167,0.0098
31/01/2004,-0.013163229,-0.022311949,-0.007203042,0.0145,0.00703299,8.81E-05,-0.0344,-1.802669821,0.018858594,-0.01968505,0.00482947,0.055049171,0.573222564,0.009
29/02/2004,-0.002656591,-0.019359959,-0.001359981,-0.0111,0.007552895,0.000514072,0.0284,-1.938549517,0.016999013,-0.05828486,0.00289084,-0.030518617,0.578769498,0.0077
31/03/2004,-0.001728596,-0.015231055,0.003102281,-0.0267,0.006750779,-0.000602487,-0.0241,-2.019953084,0.015846141,0.07348782,-0.00266783,-0.03511776,0.561868449,0.0078
30/04/2004,0.004683916,-0.002555902,0.016358916,0.0221,0.006424189,0.001232623,0.0037,-1.475576133,0.019654493,0.00899788,-0.00267419,-0.007961599,0.533032793,0.0073
31/05/2004,0.000629302,0.009835892,0.001097486,-0.0003,0.004321635,-0.000691908,-0.0031,-1.354478311,0.019456447,-0.02323248,-0.0017941,-0.004967457,0.518670359,0.0071
30/06/2004,0.007419541,-0.005251754,0.009931741,-0.0032,0.004004232,-0.000604726,0.0017,-1.341963057,0.017698935,0.11045019,-0.0069752,-0.00098243,0.498339165,0.0077
31/07/2004,0.007375537,0.009872104,0.016712228,-0.011,0.004160991,0.00020147,0.0009,-1.399966449,0.015938072,-0.01346793,0.00219821,-0.007122933,0.470564104,0.008
31/08/2004,-0.009442702,0.019662704,-0.010793878,0.0017,0.004300745,-0.001113921,0.0274,-1.656729926,0.013378596,0.04740494,-0.00161832,0.00623543,0.443450746,0.0081
30/09/2004,-0.009091224,-0.018661949,-0.010245884,-0.0046,0.005135084,-0.001027593,-0.0116,-1.607919848,0.011723778,0.00126374,0.01408602,0.000606417,0.436675372,0.0081
31/10/2004,0.004076527,-0.000740525,0.000849287,-0.0216,0.005300626,0.001803876,0.0262,-1.671827908,0.010391851,0.0180013,0.00568322,0.081055395,0.436457426,0.0074
30/11/2004,0.011231338,0.006647918,0.008954977,0.0352,0.006403434,-0.000694395,0.0096,-1.382085184,0.010267724,0.03128848,-0.01045426,-0.059961803,0.478346374,0.0068
31/12/2004,0.011905217,0.030078473,0.016403523,-0.033,0.006641247,-0.0001037,0.0192,-1.446964516,0.008569893,-0.0203591,-0.01764441,-0.047586419,0.503949152,0.0068
31/01/2005,0.023073643,-0.023959158,0.02579445,0.0111,0.007761502,-0.000608783,-0.1367,-1.46519881,0.007322155,0.01220262,-0.00367796,0.031387315,0.498340239,0.0066
28/02/2005,0.005542354,-0.005235608,0.003956767,-0.0205,0.008706691,0.000187681,0.0087,-1.266506989,0.007364285,-0.00296222,-0.01496843,0.0011548,0.501786291,0.0062
31/03/2005,-0.0122258,-0.006268446,-0.016924469,1.00E-04,0.008560588,-0.000108318,-0.027,-1.167375452,0.006639433,0.00218288,-0.00139209,-0.00072216,0.506616081,0.0066
30/04/2005,-0.006648174,-0.000300674,-0.000780042,0.0205,0.008633976,0.001390391,-0.0039,-1.35478096,0.004818234,-0.09913422,0.01700801,-0.005178155,0.498981786,0.0072
31/05/2005,-0.004832428,0.008088738,-0.008306821,0.0103,0.007694242,-0.00248749,0.0112,-1.488543954,0.003392855,0.04853573,-0.00405785,-0.011835866,0.467571914,0.0086
30/06/2005,0.006078724,-0.008414959,-0.004249395,-0.0276,0.007668457,0.000263544,0.0193,-1.510635762,0.001923542,0.08136236,0.00405321,-0.011616087,0.448923557,0.009
31/07/2005,0.011732614,-0.016973204,0.00603655,-0.0096,0.007433988,-0.001317398,0.0221,-1.221593369,0.002466972,0.03452037,-0.00584488,-0.00928796,0.459710005,0.0089
31/08/2005,0.021267975,-0.004122244,0.016542179,0.0068,0.00852043,0.000261142,-0.0094,-1.406963954,0.000950949,0.07685519,-0.00432059,0.008874289,0.467881645,0.0087
30/09/2005,0.023870373,-0.012942047,0.018416986,0.0107,0.00963677,-0.000819261,0.0407,-1.12658526,0.001098499,0.01932668,0.0270102,0.007303246,0.458119921,0.009
31/10/2005,0.044553243,-0.007621485,0.043348293,-0.0069,0.017793685,-0.000528866,0.0027,-0.943645246,0.001106463,0.00965277,-0.01524238,0.003754701,0.459697695,0.0095
30/11/2005,0.000732757,0.006848868,-0.01207467,0.0239,0.018304747,0.00194904,0.0428,-0.960311963,-0.000148398,0.06725559,-0.00394769,0.003724339,0.457777712,0.0097
31/12/2005,-0.016486598,0.006738568,-0.02079639,-0.0361,0.02205692,-0.00049566,0.017,-1.050462944,-0.000746012,-0.07754508,0.00583294,-0.014798708,0.453985229,0.0095
31/01/2006,-0.026918191,-0.012272535,-0.024404174,-0.001,0.022254293,-0.000904444,-0.0244,-0.933549739,-0.001209981,-0.038816,0.00112642,0.011611378,0.45981423,0.0095
28/02/2006,-0.004010992,0.008759252,-0.001755303,0.0122,0.022219229,0.000164334,0.0538,-0.887012564,-0.001389571,-0.04084131,-0.00648236,-0.003502136,0.447359105,0.0092
31/03/2006,-0.010417325,-0.016277902,-0.013662045,-0.0082,0.022177292,-0.000125491,0.0013,-0.688674105,-0.000379504,0.01997495,-0.00846366,-0.005834022,0.450379898,0.0088
30/04/2006,-0.018640081,-0.01154319,-0.014357054,0.0003,0.012316991,0.001342418,0.0233,-0.5584885,9.21E-05,0.02920994,0.0155322,0.022315654,0.452992893,0.0084
31/05/2006,-0.002040559,-0.006531598,0.00152675,0.0097,0.013735603,-0.000500615,-0.0467,-0.470543979,-0.00051196,0.00831319,-0.00892527,-0.015810542,0.441696241,0.008
30/06/2006,-0.001281037,0.007192263,0.006004443,0.0198,0.008492165,0.000556796,-0.0194,-0.446387248,-0.001656133,-0.00005654,0.00865807,-0.012666517,0.437092902,0.0089
31/07/2006,-0.002578573,-0.018266418,-0.008367928,-0.0147,0.007254175,-0.000217964,-0.0209,-0.596344027,-0.002462985,-0.00098895,0.00106798,0.004319008,0.41492451,0.0091
31/08/2006,-0.003009344,-0.003943033,-0.000459749,0.02,0.006692944,-0.000420174,0.0204,-0.750817656,-0.003444281,-0.02675524,-0.00779234,-0.002854299,0.421469204,0.0091
30/09/2006,0.005154486,-0.017277717,0.001555958,-0.0309,0.005370499,0.000345956,0.0346,-0.828111833,-0.003244653,-0.04363018,-0.00570243,-0.014270877,0.414007992,0.0092
31/10/2006,0.015835775,-0.01223831,0.01333862,0.0061,0.013308895,-0.00042243,0.0224,-0.843076382,-0.003369105,0.06025872,-0.00360307,0.018883862,0.421761559,0.0091
30/11/2006,-0.012208924,-0.000216284,-0.004791759,-0.0106,0.015665986,-0.000141202,-0.022,-0.941072638,-0.004081561,0.03913309,-0.00094463,0.003825121,0.431589087,0.0087
31/12/2006,-0.012477725,-0.009022995,-0.009876248,0.0015,0.015297728,-0.00110474,0.0182,-0.760156893,-0.002986626,0.02146445,0.00085057,-0.005465301,0.434427494,0.009
31/01/2007,0.00128068,-0.006235675,0.01174705,0.0038,0.016684147,-6.15E-05,-0.0671,-0.68547905,-0.002722202,0.01046592,0.01564926,0.015831819,0.437206484,0.0094
28/02/2007,-0.000136487,0.002471718,0.004075023,-0.0173,0.015090817,0.000615715,-0.0383,-0.863960915,-0.003928791,0.03191048,-0.02181705,-0.019992313,0.430764882,0.0089
31/03/2007,-0.004536561,0.007707565,-0.010868737,0.0551,0.014755725,0.000218839,-0.031,-0.827241354,-0.003383602,-0.02706084,0.01268467,0.006695518,0.430334185,0.0097
30/04/2007,-0.006352992,0.011986377,-0.011734155,-0.0129,0.012903368,-0.001084625,0.0463,-0.830832003,-0.004155362,0.00931892,-0.00738559,-0.01003536,0.418508122,0.0092
31/05/2007,-0.012882885,0.02350926,-0.016053481,-0.0102,0.006766436,-0.000161572,0.0196,-0.631599082,-0.001693631,0.06132226,0.01218017,0.024284128,0.414447834,0.0092
30/06/2007,-0.015799862,0.029292457,-0.018475678,-0.0073,0.004872182,-0.000376636,-0.0535,-0.581267812,-0.000784516,0.09294811,-0.00138533,-0.011366721,0.40673533,0.0091
31/07/2007,0.001914942,0.028775539,-0.002638479,0.0262,0.004464655,-0.000218068,-0.0412,-0.794996277,-0.002328485,-0.01466091,-0.01397256,-0.01796192,0.407952461,0.0092
31/08/2007,0.012890452,0.037223165,0.004862495,0.0827,0.004355915,-6.01E-05,-0.0454,-0.986406267,-0.001818464,-0.19570812,0.02978007,0.017601956,0.422701678,0.0086
30/09/2007,0.023239883,0.006868921,0.007891929,-0.0089,0.00599497,-0.000357783,0.0057,-1.043225081,0.001585442,-0.031903,0.01164033,-0.004199967,0.430695552,0.0085
31/10/2007,0.012811229,0.02298378,0.00240794,-0.0494,0.005170109,0.000158949,0.0146,-1.108250363,0.000485427,-0.0461078,-0.01128985,0.001757703,0.459398324,0.0082
30/11/2007,0.009937095,0.036471472,0.006517507,0.0537,0.005185577,0.00032579,-0.0712,-1.617744145,0.002035727,-0.02467425,0.01298658,-0.002766149,0.469933788,0.0096
31/12/2007,0.021843999,0.053410593,0.010228632,0.004,0.008985347,0.000362185,-0.0617,-1.550458544,0.001315143,0.03147835,0.00610269,0.038959555,0.492031648,0.0116
31/01/2008,0.006389163,0.014790166,0.003638439,-0.0044,0.008876216,-0.000158207,-0.0931,-2.013710602,0.006526205,-0.05763816,0.03644093,0.133710406,0.51656696,0.0121
29/02/2008,0.003151744,0.039327005,0.00403085,0.0085,0.008470926,0.000490258,-0.0787,-2.136915519,0.007649443,-0.01639661,-0.03688004,-0.09091209,0.523492567,0.0129
31/03/2008,0.011876727,0.009998505,0.013498904,0.0226,0.006858895,-0.001804976,-0.069,-2.249073631,0.009387188,-0.15145681,0.00360767,-0.020472587,0.536402561,0.0138
30/04/2008,0.011020399,0.019139438,0.017006124,-0.036,0.006864891,0.000845091,0.0488,-1.900344728,0.010681805,0.10891242,-0.00951545,-0.021976178,0.536677794,0.0142
31/05/2008,0.02908845,0.045391507,0.032318331,-0.038,0.007156903,-0.001600008,-0.0538,-1.623541083,0.01107413,0.0035307,-0.00791288,0.015386012,0.551898989,0.0136
30/06/2008,0.038352305,0.056581883,0.025907814,0.0095,0.0045667,0.000427728,-0.117,-1.711422177,0.009315401,-0.03725865,0.00027273,-0.014529548,0.561932486,0.0139
31/07/2008,0.033009199,0.089881121,0.022606187,0.0382,0.010730879,0.00030392,0.0868,-1.752752996,0.009318935,-0.07111027,0.01523221,0.00383931,0.576856647,0.0149
31/08/2008,0.04302169,0.045607426,0.030386185,-0.0108,0.010970967,0.00024257,0.001,-1.845840434,0.008318818,0.02608518,-0.01391821,0.001416095,0.586211567,0.0151
30/09/2008,0.065499035,0.077065929,0.041313693,-0.0058,0.01430839,-0.000425987,0.013,-1.951527888,0.01024669,-0.23680005,0.09186955,0.028859516,0.601220114,0.0166
31/10/2008,0.081141718,0.131833865,0.060470869,0.1782,0.015277828,-0.000619845,-0.2066,-1.953722781,0.012608961,-0.0503404,0.00217697,0.146241458,0.621613674,0.026
30/11/2008,0.078211274,0.130298816,0.011588671,0.1387,0.023908044,-0.001458523,-0.2342,-2.732775115,0.009077381,0.14838636,-0.0410747,-0.065381658,0.651680578,0.0309
31/12/2008,-0.003555088,-0.051727684,0.017033991,0.1483,0.036019932,-0.00041104,-0.0829,-3.145003257,0.010443129,-0.18852717,-0.00284791,-0.041677299,0.716884578,0.0338
31/01/2009,-0.025855002,-0.045439817,0.011527475,-0.2932,0.030290203,-0.00147152,-0.0627,-2.703631053,0.011148831,-0.15312042,0.02595156,0.072005987,0.76686754,0.0309
28/02/2009,-0.011130078,0.010086063,0.008666165,0.0633,0.026439419,0.001055752,-0.1284,-2.588580745,0.010470124,0.0350073,0.0151678,0.073066337,0.786889629,0.0281
31/03/2009,-0.050435185,-0.022681859,-0.042216591,0.0713,0.029150318,-2.37E-05,0.1607,-2.86662428,0.010034478,-0.03277038,-0.02021065,-0.103936824,0.928056095,0.0292
30/04/2009,-0.051718369,-0.051357025,-0.037453495,-0.1037,0.028426564,-2.40E-05,0.2632,-2.591702402,0.015099051,-0.04136535,-0.03504726,-0.069834278,1.012463382,0.03
31/05/2009,-0.037346243,-0.040501672,-0.039288168,-0.0698,0.028680943,-0.000102673,0.1178,-2.357852827,0.01768457,0.07363442,0.00694973,-0.02093479,1.08125925,0.0252
30/06/2009,-0.027901415,-0.104187571,-0.019552021,-0.0526,0.014863437,-0.001247232,0.0342,-2.291173213,0.019834227,0.02119238,-0.00787236,0.003278227,1.051593463,0.0189
31/07/2009,-0.012274794,-0.066470874,-0.008592281,-0.0382,0.010937472,-0.000520586,0.1377,-2.324614088,0.019825078,0.04156732,-0.00465134,0.016447993,1.015696954,0.0168
31/08/2009,-0.016050324,-0.029493692,0.011925765,-0.0066,0.011717411,-0.000807569,0.0911,-2.428898088,0.01880804,-0.00525085,0.02626794,-0.050669554,1.049401461,0.0132
30/09/2009,-0.042120888,-0.054180024,-0.025903054,0.0359,0.011637161,-0.000282196,0.028,-2.505895464,0.018568269,0.06161214,-0.00710572,0.000579037,0.917571255,0.0118
31/10/2009,-0.027975311,-0.024112161,-0.015553269,-0.0088,0.010427985,0.000367802,-0.0638,-2.460087723,0.018728156,-0.05209905,-0.00731382,0.010505332,0.796820161,0.0114
30/11/2009,-0.025658132,-0.012566653,-0.015924703,0.0151,0.010062696,0.000570022,0.0101,-2.6147979,0.016316994,-0.01118999,-0.02196823,0.018280221,0.712620356,0.0113
31/12/2009,-0.012746367,-0.028734546,-0.003688839,-0.0786,0.009744806,-0.001733789,0.0165,-2.180074316,0.021165349,-0.00078306,0.0050587,0.029980564,0.686586397,0.0111
31/01/2010,-0.010176291,-0.009971688,-0.008560496,-0.0188,0.005382946,-0.000404923,-0.0789,-2.395485293,0.019724449,0.11378268,0.02813826,0.042620574,0.659933527,0.0099
28/02/2010,0.001300663,-0.004695979,0.008168456,0.0255,0.004522469,-0.002633953,0.0817,-2.377043306,0.01847357,0.03157493,-0.01656063,-0.019730597,0.584404678,0.0099
31/03/2010,-0.00843697,0.004883329,-0.01047858,-0.0333,0.005687398,0.000157283,0.0696,-2.216617319,0.020339735,0.03053079,0.00467137,-0.04667799,0.582046798,0.01
30/04/2010,-0.00968215,0.018157628,0.00914401,-0.0179,0.0057883,-0.000965871,-0.0171,-2.335421966,0.018784139,-0.05484737,-0.00039263,-0.01882527,0.606675939,0.0096
31/05/2010,-0.023823829,0.018312064,-0.008514637,0.0272,0.004924899,-0.000903121,-0.0868,-2.553778394,0.016059331,-0.01802842,0.01402603,0.01586339,0.557876072,0.0109
30/06/2010,-0.008412712,0.042303086,0.004386412,0.1535,0.002201638,-0.000411573,-0.0649,-2.784427119,0.013345956,0.01636845,-0.01053427,0.043613555,0.524866102,0.0135
31/07/2010,-0.033719194,0.003754076,-0.035272525,-0.0268,0.002111927,-0.00026272,0.0986,-2.81757492,0.012160442,0.00060572,0.0394453,0.04211114,0.504937564,0.0129
31/08/2010,-0.017612631,-0.006825524,-0.018647946,-0.1085,0.003448326,-0.000790888,-0.0679,-3.086144623,0.01001998,0.02650621,-0.03270535,0.011403535,0.506505519,0.0117
30/09/2010,-0.015391513,-0.003783292,-0.014072054,0.0188,0.003386234,-0.000728616,0.0075,-3.047539277,0.009421532,0.08245388,0.0348376,0.081988031,0.481639894,0.0113
31/10/2010,-0.007138211,-0.020799928,-0.006499009,-0.0139,0.003710699,-0.000415514,-0.0014,-2.988904298,0.008332176,-0.05002035,-0.01872179,0.078654489,0.453691444,0.0104
30/11/2010,-0.000831972,-0.076752198,-0.003875634,-0.0067,0.005237521,-0.000937581,-0.0367,-2.857836742,0.010881288,-0.00469011,0.01571066,-0.132304564,0.46998764,0.0105
31/12/2010,-0.001898432,-0.044466437,0.003179683,-0.0047,0.004492108,0.0001816,0.058,-2.567969302,0.015835725,0.08693057,-0.01372772,-0.008840141,0.489117199,0.0108
31/01/2011,0.021299402,-0.019796108,0.023496606,-0.0375,0.003631395,-0.000907891,0.0142,-2.534808435,0.015876221,-0.03492196,-0.02323739,-0.051847537,0.500365659,0.0105
28/02/2011,-0.002141272,-0.042434692,0.008051569,0.0002,0.003581859,0.000615093,0.0572,-2.490458495,0.018033699,-0.01680015,0.00333844,-0.055146602,0.517165727,0.0093
31/03/2011,0.006216124,-0.020152135,0.001995074,0.0338,0.002891794,-0.000309748,-0.0538,-2.423433467,0.018941371,-0.01573698,0.02884547,0.015259584,0.509971937,0.009
30/04/2011,-0.001762632,-0.016187477,0.005830372,-0.0361,0.003115328,-0.000935967,-0.0053,-2.571136311,0.016540859,0.02015531,-0.01685847,-0.005238046,0.498619218,0.0086
31/05/2011,-0.006467721,0.003586427,-0.009257496,-0.0141,0.003446622,-0.00035098,-0.0151,-2.757573659,0.01422831,0.02181424,-0.03130383,-0.027744243,0.487136255,0.0082
30/06/2011,-0.003717895,0.022245505,-0.015926807,0.0231,0.002960135,0.00034569,-0.0432,-2.669533426,0.014658832,0.0256542,0.03189655,0.036303673,0.469102485,0.0076
31/07/2011,-0.001154006,0.035210573,-0.016033879,-0.0243,0.006249268,0.000216269,-0.0642,-2.886677859,0.009834686,0.01472351,0.03982773,0.114439609,0.452042411,0.0083
31/08/2011,0.007369506,0.059411763,-0.003119479,0.0779,0.006312301,1.66E-05,-0.1143,-3.248108586,0.008073805,-0.04878878,0.04721037,0.011466447,0.429180182,0.0099
30/09/2011,0.006769901,0.073832736,-0.00528087,0.0816,0.006311313,0.000561682,-0.1274,-3.42088326,0.007318558,0.02980193,-0.04049693,0.011858717,0.427487186,0.0118
31/10/2011,-0.009974004,0.047108212,-0.0026409,0.1363,0.005347161,-0.001475622,0.0829,-3.343307262,0.008137162,0.02473393,-0.04489021,-0.139984308,0.458047792,0.0139
30/11/2011,-0.010513547,-0.008826394,0.003416778,-0.1068,0.004612027,0.000111158,-0.1006,-3.388681068,0.007938044,-0.02710653,0.00659944,0.011535173,0.476493117,0.0127
31/12/2011,-0.012294196,-0.093446633,-0.002981039,-0.0736,0.004131564,-0.000209136,0.0202,-3.469821961,0.006809044,0.05188274,0.02305934,0.07394196,0.483126038,0.0132
31/01/2012,-0.001417187,-0.063591548,0.008490863,-0.0444,0.003898022,0.000273752,0.1127,-3.481644383,0.005625588,0.05199569,-0.01111183,-0.030501775,0.512629826,0.0138
29/02/2012,-0.00700882,-0.032430923,-0.00479741,-0.0442,0.003953751,-0.000168661,0.0614,-3.378763454,0.006571109,0.00793663,-0.02864945,-0.063296965,0.526535202,0.0129
31/03/2012,-0.013880072,-0.039555613,-0.016913739,-0.0129,0.003334341,-0.001463428,0.0392,-3.222155978,0.008031834,-0.0093298,-0.01208396,-0.041417173,0.535380058,0.0124
30/04/2012,-0.003909216,-0.022565779,-0.003405314,-0.0162,0.003305836,0.000601006,-0.0631,-3.392468719,0.006159042,-0.01516947,-0.00095643,0.012183888,0.518063911,0.0123
31/05/2012,-0.005724763,-0.004547041,-0.008578926,0.0096,0.002900433,-0.000210177,-0.1241,-3.621032362,0.004451271,-0.00786395,0.02196528,0.040513684,0.50882165,0.0127
30/06/2012,0.001220318,0.013671142,-0.005452758,0.1006,0.00615454,-0.000639164,0.0399,-3.538953336,0.004459711,-0.00404866,0.03604861,0.059749061,0.506054483,0.0138
31/07/2012,-0.001217246,-0.034886779,0.000771709,-0.0992,0.006685636,-1.58E-05,-0.0289,-3.679966964,0.004034927,0.09910465,-0.00973088,0.039413652,0.485904732,0.0147
31/08/2012,0.004688326,-0.030305754,0.005349297,0.0222,0.005989722,-0.000447063,0.0384,-3.639745631,0.003759382,-0.02254862,-0.03252625,-0.034894002,0.479536372,0.0143
30/09/2012,0.00528436,-0.022090198,-0.001160166,-0.0098,0.009514581,-0.000680435,0.0521,-3.564537358,0.004114351,0.03478693,0.0229236,0.007220615,0.482601031,0.0135
31/10/2012,-0.001820405,-0.019085217,0.001761843,-0.0166,0.01080522,0.000239359,0.0454,-3.531907111,0.005057563,-0.0439401,-0.00933256,0.06631218,0.479773373,0.0111
30/11/2012,0.002032691,-0.006645961,0.01062287,0.0037,0.010917039,-0.000439786,0.0113,-3.589923771,0.003985493,-0.05294945,0.02154616,0.101331182,0.483512276,0.0101
31/12/2012,0.011655406,-0.002828108,0.01694408,-0.0005,0.010597109,-0.000541258,0.0533,-3.506778183,0.005216,0.02961287,0.00533451,0.034193301,0.476935873,0.0098
31/01/2013,0.007461801,0.009323464,0.012737554,-0.0196,0.010211257,-8.60E-06,0.068423791,-3.378798061,0.006798416,0.02749092,-0.03529185,-0.085110444,0.475672426,0.0093
28/02/2013,-0.003695819,0.009741697,-0.019922363,-0.0178,0.009821493,0.000234838,-0.020166719,-3.450700985,0.005746498,-0.01718445,-0.0428792,-0.135088504,0.465359304,0.0095
31/03/2013,-0.01086971,-0.011710202,-0.007918226,0.0246,0.009502859,-0.000747034,-0.029088335,-3.429200637,0.005579259,0.07193172,0.0102867,-0.024286621,0.44686804,0.0092
30/04/2013,-0.010453983,0.005355918,-0.011426011,-0.0178,0.01053868,-0.00082898,0.062195126,-3.54531699,0.005136543,-0.0167978,-0.00623033,-0.075726751,0.440085504,0.0086
31/05/2013,-0.019351994,-0.001659084,-0.009134458,0.0091,0.010766577,-0.001343321,0.045751875,-3.293956323,0.008189783,0.02026749,-0.01440593,-0.006892576,0.44017306,0.0084
30/06/2013,-0.008244222,0.012621872,0.000715527,0.0179,0.010326933,-0.000333421,-0.06142865,-3.072782383,0.011713045,0.01482269,0.01031158,-0.003081509,0.442702485,0.0092
31/07/2013,-0.003458394,0.009446531,0.007759903,0.0009,0.010588715,0.000165026,0.112464981,-3.041061978,0.012077115,0.01060186,-0.02057622,-0.002231221,0.449185413,0.0098
31/08/2013,0.003241805,0.022738485,0.01728428,-0.0343,0.010582964,0.000440524,-0.042648496,-2.930187716,0.013802231,0.01365891,0.00873077,0.004064902,0.455467642,0.0088
30/09/2013,-0.00357909,-0.001247555,0.003045054,0.0367,0.008020943,-0.000318268,0.035908973,-3.019383579,0.012476539,-0.00739455,0.0416311,0.015794148,0.468141102,0.0083
31/10/2013,-0.01014097,-0.005616384,-0.007042026,-0.0107,0.005990349,-0.000526739,0.01703741,-3.049620735,0.01158781,0.10136701,0.02662047,0.072137278,0.470344215,0.0078
30/11/2013,0.003252212,-0.018002069,0.008635833,-0.0226,0.003456877,-0.000906783,0.037256294,-2.966010653,0.011686275,0.03543567,-0.08111611,-0.097950457,0.464528422,0.0075
31/12/2013,0.002322713,-0.004360038,0.003972878,0.0095,0.003111025,0.000371235,0.031435258,-2.78613577,0.01542664,0.0259976,0.01469598,0.019997707,0.468144996,0.0076
31/01/2014,0.005352018,0.000379833,0.012442664,0,0.003290256,-0.000331115,-0.033964189,-3.006351599,0.013246776,0.01811459,-0.01110138,0.020782577,0.485279793,0.007
28/02/2014,0.011361979,0.007558599,0.025339121,0.0721,0.003464658,-0.0010767,0.041764945,-3.017265303,0.013408609,0.023187,-0.0045154,-0.039800858,0.4796885,0.0065
31/03/2014,0.001055053,-0.001209796,0.001604533,-0.0544,0.003329331,-0.000493179,-0.016608152,-2.945061173,0.015984577,0.02935595,0.00448226,-0.011331375,0.472438728,0.0068
30/04/2014,-0.009624387,-0.012045203,-0.015555953,-0.029,0.002785875,0.000365249,-0.020570217,-3.003856713,0.015598432,-0.00627356,-0.00234958,0.001118058,0.460337518,0.0066
31/05/2014,-0.012170395,-0.002032344,-0.019959458,0.0015,0.001859938,-0.000141041,0.003771078,-3.107613713,0.014006094,-0.03155494,-0.00072578,0.002014611,0.448508898,0.006
30/06/2014,-0.004045531,0.001915443,-0.013517188,-0.0167,0.001851067,-0.000117707,-0.003707931,-3.049172957,0.014899231,0.08927405,-0.00938462,7.75E-05,0.445817184,0.0055
31/07/2014,0.003334979,0.019407361,0.001936569,-0.0043,0.001678276,-0.000770183,0.006374143,-3.022321717,0.016192583,0.02602125,-0.00436271,0.00816243,0.408653844,0.0057
31/08/2014,0.012564633,0.028842863,0.010807487,0.0588,0.001466845,-0.000194329,0.01872875,-3.157832417,0.015325126,-0.00196242,-0.00538276,-0.025141328,0.419546744,0.0061
30/09/2014,0.013555649,0.004431829,0.001687863,-0.0478,0.002845706,-0.000938706,0.00831929,-3.057391768,0.016271245,0.02740726,0.01307477,0.004360306,0.419804599,0.0069
31/10/2014,0.009269017,0.009069308,-0.009045365,0.0446,0.003051281,0.000140336,0.00188165,-3.164761378,0.014671595,0.04448816,0.01586973,0.022302707,0.441782248,0.0077
30/11/2014,0.016883724,-0.014383553,0.001197644,-0.0198,0.003077261,-0.000179422,0.001715975,-3.268279483,0.012990769,-0.03003668,-0.01164661,-0.002766334,0.450947178,0.0087
31/12/2014,0.024426816,-0.01433368,0.005505176,-0.0044,0.003985024,-0.000815489,0.014766843,-3.235028804,0.013209792,0.05771985,-0.00337254,-0.000841655,0.482665533,0.0095
31/01/2015,0.023724788,-0.001707803,0.004344386,0.035,0.005271903,-0.001067231,-0.109417018,-3.58702303,0.00928432,0.0214811,0.03197312,0.025571577,0.497631568,0.0099
28/02/2015,0.023558113,0.014060047,0.010730861,0.0164,0.008678586,-0.000302227,0.078156185,-3.338447532,0.012043428,0.00000725,-0.01684088,-0.03405636,0.511092253,0.009
31/03/2015,0.017063415,0.003298073,0.005072709,-0.0639,0.010621894,9.33E-06,-0.017884431,-3.391794201,0.010601129,-0.02195244,0.00489841,0.009158653,0.514736073,0.009
30/04/2015,-0.000593751,-0.021570932,0.002456299,0.0207,0.012091734,0.000604468,0.057977982,-3.310529787,0.011531878,0.0060299,0.00442564,-0.023802901,0.55359078,0.0096
31/05/2015,-0.016322526,-0.004320795,-0.004373155,-0.0241,0.012425614,9.48E-05,0.005242658,-3.241682718,0.011867316,0.00436744,-0.00862484,0.024499996,0.563264114,0.0091
30/06/2015,-0.011718906,0.005363122,-0.001824345,0.0127,0.013501582,-0.000956864,0.042101369,-3.098926306,0.012600665,0.00836987,0.00793385,-0.000560452,0.532852433,0.0094
31/07/2015,-0.015793934,0.019327368,-0.002463577,0.0212,0.012793051,-0.000214054,0.02559043,-3.212418046,0.0114457,0.03181256,-0.01003437,-0.007964638,0.531076369,0.0105
31/08/2015,-0.007022105,0.032487992,-0.000105744,-0.0353,0.002897456,0.000218196,-0.073285193,-3.165748039,0.011328668,0.06971784,0.03077688,-0.008265375,0.558236382,0.0115
30/09/2015,-0.004627772,0.031765902,-0.008007539,0.1884,0.004318646,-0.001110371,-0.049087483,-3.288011204,0.009808137,-0.07864807,0.00902637,-0.013888306,0.561959283,0.0127
31/10/2015,0.003638448,0.013780696,-0.000735521,-0.0885,0.006971683,0.00050475,0.050266321,-3.194882556,0.010444424,0.1051124,-0.03582767,0.008871015,0.529910161,0.0139
30/11/2015,-0.001440108,0.005284568,-0.005489362,-0.084,0.006972624,-0.000284251,0.004057574,-3.101786538,0.009671439,-0.03283831,-0.01079358,-0.004432694,0.624050307,0.014
31/12/2015,0.009684822,-0.006944039,0.000418275,0.0052,0.005913248,-8.68E-05,0.02042495,-3.03825616,0.009348732,-0.01204624,0.00724218,0.006290241,0.633156575,0.0149
31/01/2016,0.020694844,0.016401267,0.001755282,0.0603,0.005162591,-0.000821338,-0.121385013,-3.299913744,0.006801106,-0.0428871,0.01967257,0.021972774,0.644538207,0.0145
29/02/2016,-0.006059584,0.011315687,0.008632675,-0.0072,0.004491314,-5.89E-06,-0.071097886,-3.392575808,0.005470516,0.0309911,-0.00439062,0.002433285,0.613444992,0.0138
31/03/2016,-0.00799312,-0.036016696,0.004734279,-0.0228,0.00469179,0.000348159,-0.002521658,-3.398487021,0.005677974,0.00370342,-0.01043375,-0.008923263,0.642386987,0.0131
30/04/2016,-0.009238614,-0.014416121,-0.004901084,-0.046,0.005866525,-0.000622725,0.165954791,-3.349480877,0.0067499,0.09097954,-0.01993947,-0.02152424,0.638513577,0.0117
31/05/2016,-0.020618492,-0.042434916,-0.009228124,0.0158,0.007641225,0.000691729,-0.008670056,-3.321560242,0.006337735,-0.05667226,-0.00221007,0.010962266,0.569426996,0.0103
30/06/2016,-0.016084976,-0.024994093,-0.008134844,-0.0048,0.007929136,-8.02E-05,-0.099905382,-3.615103838,0.004843413,-0.02838334,0.08058785,0.013809712,0.593975965,0.0103
31/07/2016,-0.005865544,-0.009025266,-0.004345019,0.0057,0.007263371,-0.000698172,0.049180429,-3.621964431,0.004206388,0.01035999,-0.04066447,-0.001748126,0.601187156,0.0094
31/08/2016,-0.003794454,0.001946184,-0.009709418,-0.0233,0.007296118,-0.000726222,0.060072798,-3.507192508,0.005485758,-0.00653432,-0.03013575,0.004233143,0.606297979,0.0092
30/09/2016,-0.004649011,-0.004915017,-0.006206592,0.0104,0.005202917,0.000770809,-0.022273364,-3.488606911,0.005060024,-0.03353433,-0.01201994,-0.031281265,0.608094877,0.009
31/10/2016,-0.002592635,0.008845293,-0.001040989,0.0009,0.005040623,-0.000653955,0.041219005,-3.345057293,0.006497914,0.08954133,0.01270888,0.038239158,0.59338857,0.0087
30/11/2016,0.004771109,0.02468048,0.006371606,0.0499,0.004232993,-0.000720773,0.112217572,-2.96866174,0.009845108,-0.00597616,0.07685998,0.074382206,0.582935983,0.0085
31/12/2016,0.011397625,0.015207685,0.009868612,-0.0449,0.004258252,-0.000285595,0.05138936,-2.932676769,0.01003066,0.04941428,-0.05422577,0.007233466,0.554817059,0.0077
31/01/2017,0.006060816,-0.058853835,0.004990031,-0.0122,0.004120531,2.24E-05,0.064743258,-2.932795448,0.01026279,0.06792523,0.01971749,0.0173972,0.544219788,0.0074
28/02/2017,-0.003623628,-0.037969908,-0.001802415,-0.0104,0.003298788,0.000218148,0.025306467,-2.949615452,0.009860859,-0.05395266,-0.00153807,-0.051985854,0.527610064,0.0069
31/03/2017,-0.005904305,-0.026294432,0.003506559,0.0073,0.003423664,-0.000100222,-0.028185496,-2.932574906,0.008155779,-0.06548579,-0.0135553,-0.014389761,0.494166755,0.0067
30/04/2017,-0.002037249,-0.016961437,0.000314991,-0.0016,0.005219444,-0.002393204,-0.001210866,-2.983113471,0.006644124,0.00875415,0.00179442,0.004224279,0.495069265,0.007
31/05/2017,9.56E-05,-0.007756834,0.006291459,-0.0227,0.005213101,0.000310351,-0.02033644,-3.026651157,0.005573362,0.08930119,-0.01739962,-0.005804846,0.479333635,0.007
30/06/2017,-0.00339735,0.002849483,-0.003490773,-0.0022,0.00628668,-0.000792264,0.055305751,-2.976849269,0.00611128,0.02180389,-0.00541201,-0.0186592,0.514507539,0.0069
31/07/2017,-0.005618381,0.000505309,-0.000995263,0.0133,0.006005088,-0.00015758,0.011953709,-2.971364777,0.005797864,0.01064676,0.01199463,0.028658572,0.497571283,0.0069
31/08/2017,0.001121523,0.003617181,0.003569293,-0.0113,0.003215902,-0.000726275,-0.013547092,-3.08287538,0.004816984,0.06379806,-0.00157533,-0.034113827,0.505908722,0.0068
30/09/2017,0.006669823,0.013394462,0.004986977,0.0004,0.005748031,0.000684292,0.053961754,-2.92815042,0.005756543,0.05495846,-0.0124275,0.00645828,0.531314306,0.0067
31/10/2017,0.005084675,0.017611891,0.003675074,-0.0068,0.007810433,-0.001118229,0.005681376,-2.874832074,0.005406451,0.02923219,0.00540982,-0.001042035,0.539613229,0.0072
30/11/2017,-0.001314276,-0.004991182,0.001786756,0.0075,0.007906591,0.00123827,0.016527691,-2.817971429,0.004635225,0.01744244,-0.00767098,0.06341263,0.558488879,0.007
31/12/2017,-0.009326839,0.003405946,-0.012261555,0.0123,0.006790447,-0.001444711,0.034097356,-2.80095858,0.003929746,0.04430019,0.01700762,-0.004158515,0.575950892,0.0071
31/01/2018,-0.000429943,0.008140663,0.002873303,-0.0166,0.006273279,0.000468716,0.066589225,-2.592750444,0.005772232,-0.01139886,0.01215434,-0.006274474,0.595068283,0.0071
28/02/2018,0.006316655,0.020891842,0.010524491,0.037,0.005459051,0.001220674,-0.037889894,-2.461849464,0.00540384,0.02956995,-0.02964414,-0.031930083,0.581478817,0.0069
31/03/2018,0.002672436,0.021343868,0.006300848,0.09,0.005335781,-0.000927262,-0.052888652,-2.53901714,0.004192909,0.0852037,0.0423269,-0.022004043,0.57757033,0.0077
30/04/2018,-0.006765975,-0.002994609,-0.008582848,0.0115,0.005057571,8.72E-05,-0.025567076,-2.377164077,0.005331428,-0.01242623,-0.02812058,0.016265093,0.576447947,0.0082
31/05/2018,0.003891153,0.009700549,0.013561144,-0.0813,0.004531133,-0.000818877,-0.028170286,-2.443578752,0.004249684,0.08590304,0.01672291,-0.00642139,0.579299624,0.0083
30/06/2018,0.004572934,0.023520797,0.014838282,-0.0203,0.004514179,0.000245634,-0.011830867,-2.42670833,0.003962443,0.12620168,-0.01630925,0.017302558,0.553546213,0.0087
31/07/2018,-0.010551198,0.014607187,-0.013359994,0.0214,0.004968036,-0.001124807,0.075791238,-2.339044128,0.004036849,-0.02509786,0.02445886,-0.004520213,0.537223988,0.0092
31/08/2018,-0.007144944,0.032845982,-0.007823898,-0.0245,0.003715913,-0.000353557,-0.017103353,-2.399039249,0.002747212,0.04349984,-0.03395064,-0.023629849,0.55736622,0.0089
30/09/2018,-0.004271801,0.048739143,-0.007342273,1.00E-04,0.003254108,-0.000877204,-0.01423639,-2.238711353,0.003121905,0.05528119,0.00352458,-0.015285562,0.546432974,0.009
31/10/2018,-7.60E-05,0.063799252,-0.007591491,-0.0116,0.002562512,0.000471028,-0.056448978,-2.161180304,0.002865709,-0.03104259,0.00885236,0.045075759,0.549665087,0.0093
30/11/2018,0.010218059,0.092360946,0.002985016,0.0734,0.002366921,0.00010206,-0.001344559,-2.250076542,0.001009401,0.04187696,0.0187113,-0.022456679,0.535738495,0.01
31/12/2018,0.017383239,0.032343067,0.011015893,-0.029,0.003878405,-0.000166795,-0.089088686,-2.482055644,-0.000927463,-0.03946946,0.03606294,0.026314875,0.508641446,0.0111
31/01/2019,0.020646922,0.068606665,0.0205213,0.0678,0.003929224,0.000284792,0.083051876,-2.517953697,-0.000866933,-0.02999068,0.0347452,0.02672323,0.663544795,0.0119
28/02/2019,0.002628599,-0.019857301,0.0051195,-0.0708,0.004370315,4.87E-05,0.006443147,-2.459937625,-3.08E-05,0.15359483,-0.09413134,-0.046413949,0.662240924,0.0116
31/03/2019,-0.006459368,-0.060909046,-0.009793771,-0.0257,0.004701735,-0.00087799,-0.03341748,-2.684378925,-0.001576235,-0.00495067,0.03334672,0.006233979,0.684508153,0.0107
30/04/2019,-0.002827992,-0.024472219,-0.006084064,-0.0017,0.005708775,4.20E-06,0.051141864,-2.627294151,-0.000830399,0.05555742,-0.04151069,-0.030190409,0.6851484,0.0101
31/05/2019,0.012142913,-0.001627681,0.01152993,0.014,0.006761832,-0.000314707,-0.09365334,-2.903637291,-0.003138548,-0.021579,0.02380207,0.031762498,0.683392083,0.0096
30/06/2019,-0.000867604,0.026079493,-0.00450966,0.0406,0.006046551,-0.000669672,0.062358398,-3.0121594,-0.001838082,-0.06524375,0.02757802,0.027838411,0.700387318,0.0104
31/07/2019,0.003056937,-0.015747625,0.004157683,-0.048,0.006757847,0.000441227,-0.012495417,-2.985244978,-0.002018585,0.07379657,-0.00014388,-0.074607915,0.557678798,0.0099
31/08/2019,0.00574746,-0.029444614,0.011507662,0.0381,0.006061982,-0.000449937,-0.064595541,-3.354393199,-0.003940838,0.02107933,0.04049034,0.109525836,0.561861529,0.0089
30/09/2019,0.01248724,0.001698086,0.014891262,0.0179,0.00604135,0.000561728,0.055043916,-3.242425111,-0.002444988,-0.0254588,-0.05610145,-0.07312579,0.541751377,0.0088
31/10/2019,0.01615991,-0.013567671,0.019348211,-0.011,0.005347014,-0.000704198,0.023837703,-3.253178858,-0.000848546,0.00164745,-0.01587357,-0.009512335,0.55815651,0.0091
30/11/2019,0.03036641,0.003157401,0.034953615,-0.0626,0.004241827,9.57E-06,0.036188767,-3.184570606,-0.000404742,0.0401783,0.01326248,-0.01496059,0.594408195,0.0088
31/12/2019,0.037504447,0.032573721,0.045580552,0.0261,0.003983989,-2.64E-05,0.060319069,-3.11541933,0.000565067,0.02275035,0.01171654,0.043625173,0.620705975,0.0087
31/01/2020,0.050465622,0.056675628,0.050116609,-0.0244,0.002230002,-0.000483197,-0.056272569,-3.406057005,-0.001852182,-0.01540172,-0.01207613,-0.0162227,0.68027689,0.0083
29/02/2020,0.074888681,0.092938068,0.078511331,0.055,0.002393493,0.000727805,-0.115722027,-3.705709521,-0.001714609,0.0267251,0.02912453,0.010348764,0.721531977,0.0083
31/03/2020,0.110606521,0.124314933,0.118359302,0.1545,0.002961573,-1.95E-05,-0.299027331,-4.162720428,0.002362361,-0.16294422,0.12263158,0.197342396,0.770431045,0.0127
30/04/2020,0.198957502,0.133293765,0.22977398,0.2364,0.00960088,-0.003100697,0.038603591,-4.180152711,0.002192071,-0.02274615,-0.01453083,0.160034587,0.862731724,0.017
31/05/2020,0.037366665,-0.099564724,0.061484887,-0.1987,0.01517252,-0.005471461,-0.000488191,-4.171994325,0.001351478,-0.069281,0.08184345,-0.043678743,0.885041011,0.0145
30/06/2020,0.019866596,-0.125980151,0.081904242,-0.0896,0.014355764,0.001204888,0.00838965,-4.163244769,0.001168991,0.0216865,-0.11920006,-0.151045312,0.970759742,0.012
31/07/2020,-0.046651281,-0.078750276,-0.048887523,0.0039,0.015317649,0.000912691,-0.005308801,-4.271221907,0.001155564,0.07211224,0.07470375,0.012557866,0.983238989,0.0117
31/08/2020,-0.078753097,-0.035815519,-0.10066725,-0.0434,0.0173547,0.003478072,0.043389324,-4.156947263,0.001391007,-0.01576458,-0.08153717,0.007617417,0.972064029,0.0102
30/09/2020,-0.073187755,-0.011140362,-0.079531363,0.0184,0.018677886,0.000163449,-0.087178456,-4.158232756,0.001447565,-0.11690786,-0.00636809,-0.074600467,0.929473592,0.0105
31/10/2020,-0.073758804,0.005472113,-0.075747111,0.0058,0.017195131,-0.001629681,-0.004014287,-4.053389949,0.002400181,0.02902189,0.03111534,0.086071134,0.827524314,0.0109
30/11/2020,-0.054508318,0.011917756,-0.062652446,0.1043,0.008011284,-0.000853309,0.213789463,-4.10062815,0.002558859,0.06773488,-0.00246649,-0.084864688,0.849015837,0.01
31/12/2020,-0.028573147,0.042583474,-0.033599781,-0.1636,0.005580841,0.000878405,0.03872574,-4.057589728,0.002813249,0.01400043,-0.00058099,-0.00670411,0.802974662,0.009
31/01/2021,-0.007931897,-0.061290718,-0.002343316,0.062,0.005754052,-0.001026612,-0.012481636,-3.983585519,0.003217504,0.05563753,-0.0382137,0.002760819,0.93733634,0.0079
28/02/2021,0.003725307,-0.026202663,0.011652148,0.0327,0.004965501,-0.001303913,0.125950656,-3.770178555,0.006117589,-0.04967182,-0.05597954,-0.059498913,0.942909117,0.0072
31/03/2021,0.033085554,-0.00926023,0.056915375,-0.0689,0.004550975,7.88E-05,0.032534711,-3.580506055,0.008503872,-0.01127711,-0.01213168,0.053491412,0.979586534,0.007
30/04/2021,-0.002068166,-0.050916523,-0.006284149,-0.0602,0.005386023,0.001262763,0.036407712,-3.658836279,0.007630589,-0.02646881,-0.01491168,-0.071704928,1.026319376,0.007
31/05/2021,-0.041945989,-0.037246572,-0.085140251,0.0098,0.005927251,0.005002248,0.061979909,-3.673649648,0.0074233,-0.00990124,0.02212631,0.026231528,0.952594334,0.0066
30/06/2021,-0.024443126,-0.026173383,-0.04595033,-0.0041,0.005745456,0.002010127,-0.043466414,-3.709271299,0.007901362,0.00300422,-0.01343698,-0.037926555,0.898931051,0.0065
31/07/2021,-0.026578711,-0.01210254,-0.042260141,-0.0242,0.007151271,0.002034034,-0.020395821,-3.863900237,0.006278733,0.04006143,0.01933204,0.028110516,0.693114066,0.0067
31/08/2021,-0.007606701,-0.003213207,-0.003202999,0.0398,0.005460126,-0.002164743,0.03140454,-3.8178406,0.006581552,0.0321433,-0.01909636,-0.041545662,0.658359925,0.0069
30/09/2021,-0.00707429,0.009491031,-0.010095107,-0.0335,0.005211302,-0.000798352,-0.008827579,-3.697252286,0.008665073,-0.00648152,0.0082531,0.020766903,0.620969106,0.007
31/10/2021,0.006529041,0.032774238,0.011063384,0.0504,0.005518079,0.000436109,0.057717771,-3.634736081,0.00984927,-0.00803977,-0.02011614,-0.020783064,0.586694415,0.0067
30/11/2021,-0.019645098,0.00193373,-0.041924053,-0.0474,0.007341728,0.004130808,-0.064101461,-3.678689781,0.00871649,0.03095946,0.02933533,0.052925009,0.599093814,0.0066
31/12/2021,-0.007282674,0.016807597,-0.016097896,0.1471,0.007782418,0.001449554,0.044294231,-3.585476267,0.008059961,0.0707606,0.01495582,-0.047290672,0.588776415,0.0065
31/01/2022,0.013588096,0.02492122,0.003873775,-0.1452,0.007748214,0.001957038,0.024245421,-3.335814252,0.007896112,-0.04814268,-0.02700507,-0.013065639,0.592721937,0.0065
28/02/2022,0.025505912,0.043727833,0.009990533,0.0536,0.007159678,0.000845183,-0.041506352,-3.22889317,0.006480822,-0.07092509,-0.00118405,0.003480438,0.598091144,0.0072
31/03/2022,0.007117264,-0.030513657,-0.004166158,0.1136,0.005824629,0.000508853,-0.057567856,-2.76348123,0.007505078,-0.02420919,0.05195886,0.055741215,0.620396204,0.0086
30/04/2022,0.005231828,-0.002764372,-0.005835836,-0.1369,0.004833361,-0.000577588,-0.100424495,-2.33425173,0.008027591,-0.13474785,-0.03535043,-0.059675789,0.610837784,0.009
31/05/2022,0.012115733,0.026894476,-0.001125208,0.1271,0.007006493,0.001947917,0.056986105,-2.375978123,0.007134787,0.0321316,0.01333886,-0.002937807,0.60205122,0.0099
30/06/2022,0.00422068,0.029345193,-0.013550287,-0.0665,0.007549071,0.002629952,-0.098823647,-2.14982895,0.001917825,0.08472779,-0.0220249,0.027854859,0.623467736,0.0103
31/07/2022,0.014123331,0.061872826,0.006521008,0.0101,0.009892934,0.001394942,0.043242284,-2.326520469,-0.002895388,0.07670267,0.0409455,-0.009731192,0.642948234,0.0115
31/08/2022,0.007939953,0.01083621,-0.021320243,-0.0386,0.015490263,-0.001374147,-0.025632578,-1.910177365,-0.001169407,0.01923692,-0.0236816,-0.010429273,0.655425685,0.0108
30/09/2022,-0.030786158,-0.000373764,-0.030917541,0.0272,0.016784204,0.003053296,-0.075537994,-1.387925788,-0.000770603,-0.01431634,0.01094365,-0.04349168,0.631961961,0.011
31/10/2022,-0.017733121,0.023281198,-0.018053377,0.0454,0.015564569,0.001390922,0.102570961,-1.178975991,-0.002953839,-0.00764331,0.00323966,0.047813902,0.668417949,0.0116
30/11/2022,-0.00986266,-0.011183488,0.006602899,-0.0429,0.015445469,-0.000950486,0.080075131,-1.452687505,-0.009324534,0.01101466,-0.00568586,0.005231974,0.694291743,0.0117
31/12/2022,0.005647166,-0.041527561,0.024760162,-0.0597,0.01445059,0.000212261,-0.047232295,-1.298306183,-0.006384031,0.04323761,-0.03530412,-0.0219391,0.706306748,0.0116
