date,MKTB,DRF,MKTBD,CRF,VAL,CRY,MOMB,LTREVB,DUR,HMLB,STREVB,SZE,DEF,TERM,PEADB,MOMBS
31/01/1986,0.002716993,0.001806773,0.004284225,0.005567158,-0.000647347,0.003104348,-0.000723423,-0.002406677,0.001330896,0.001367199,0.005722533,0.005405284,0.007,-0.009,-0.001104575,-0.004311456
28/02/1986,0.049346663,0.055651651,-0.017738356,-0.009000753,-0.045101688,-0.018238028,0.051647675,-0.001018906,0.048543013,0.058413634,0.005719993,0.017828539,-0.0393,0.1089,0.00656023,0.006542552
31/03/1986,0.020020041,0.014828568,-0.038617153,0.000618347,-0.006738424,-0.007403498,0.006583513,0.000747103,0.001768961,0.021627409,-0.011199729,0.004083485,-0.0514,0.0717,0.000105225,-0.001941143
30/04/1986,-0.003266284,-0.007662862,-0.000941272,0.00142133,0.007182766,0.021348833,-0.011364747,-0.005328921,-0.014337753,0.010453186,0.002502404,0.008759144,0.0096,-0.014,8.61E-06,-0.004032298
31/05/1986,-0.016400332,-0.017938431,0.029994886,0.012804499,0.020039046,0.021048553,-0.025406204,-0.001263631,-0.016397545,-0.014835138,-0.001051455,-0.006319059,0.0341,-0.0557,-0.002027979,0.001282425
30/06/1986,0.013940222,0.007080434,-0.031347812,-0.005673883,-0.001550344,-0.004790562,0.002751795,-8.03E-05,-0.000177106,0.008863414,0.010814152,0.001173665,-0.0395,0.0564,-0.000576906,-0.001715069
31/07/1986,-0.00189145,-0.001719879,-0.000854344,-0.001648563,0.001340578,0.000617326,-0.002480499,-0.002006308,0.000147407,0.000300147,0.008724993,0.005475694,0.0139,-0.016,0.000873553,0.001999081
31/08/1986,0.016972261,0.009893146,-0.013027925,-0.008804192,-0.005760116,-0.002058875,0.009694468,0.000436462,0.004044417,0.009783157,0.008286333,0.001481108,-0.0224,0.0447,-0.000370796,0.004620492
30/09/1986,-0.006227467,-0.008904365,0.023400063,0.017860655,0.015011015,0.016771498,0.001024614,-0.00119902,-0.006329493,-0.009510945,0.014366298,0.001198989,0.0386,-0.0546,0.000306513,0.001884688
31/10/1986,0.012662186,0.007504252,0.001125019,-0.001198035,-0.004028857,0.002716639,-0.004423806,-0.000200142,0.004607134,0.008373016,0.009791553,0.001887794,-0.01,0.0244,0.001295171,0.002217983
30/11/1986,0.011250866,0.008120398,0.000960371,-0.005291326,-0.009811887,-0.002001184,-0.005475292,0.000773692,0.010468793,0.009053597,-0.000804755,0.00628638,-0.0034,0.0221,-0.000649393,0.002105314
31/12/1986,0.004824772,0.004534015,0.009491208,-0.000400292,-0.001580762,0.003167584,3.67E-05,-0.000444755,0.00346424,0.003988525,-0.000400592,-0.000323367,0.0135,-0.0057,0.001540737,0.001473059
31/01/1987,0.022649794,0.017361043,0.013543163,0.017859027,-0.00940129,0.006462443,0.005794255,-0.003256327,0.008520818,0.015060004,0.002234316,-0.002121171,0.0055,0.0112,-0.002302474,0.000144657
28/02/1987,0.003166549,-0.001312661,0.000693674,0.008691305,0.001003879,0.00634593,-0.002344304,0.003391911,-0.001011938,-0.002209887,0.0035501,-0.001456172,-0.0144,0.016,-0.00077849,-0.001337697
31/03/1987,-0.009445358,-0.005762827,0.008917343,0.004506525,0.010245191,0.008218021,-0.00674773,0.009760493,-0.007530444,-0.005623004,0.000477054,-0.000937975,0.0136,-0.0266,0.002440853,0.002709329
30/04/1987,-0.040071847,-0.027818466,0.000385008,0.014472761,0.030609129,0.013822284,-0.03053694,0.030189555,-0.028029375,-0.019516074,-0.021885538,-0.001154831,-0.0029,-0.052,0.003865543,0.003736171
31/05/1987,-0.008105333,-0.004915059,0.005351573,0.006259516,0.011190471,0.0095886,-0.003670028,0.004846557,-0.007308682,-0.006756382,-0.005289041,-2.20E-05,0.0053,-0.0149,-0.001619394,0.003587909
30/06/1987,0.008342662,0.000472065,-0.000654824,-0.00887217,0.004090155,0.002059803,-0.002690688,0.000183812,0.001071372,0.00529052,0.007523408,0.001310982,0.0057,0.006,0.003227466,0.003318855
31/07/1987,-0.006305393,-0.009653164,0.007028235,0.014956979,0.013605061,0.005872251,0.010968028,0.011790127,-0.014189112,-0.007073009,0.010419079,-5.18E-05,0.0059,-0.0226,0.000568685,0.003434788
31/08/1987,-0.009595164,-0.008912415,0.007620199,0.007572148,0.008841007,0.005752681,0.007409181,0.006884928,-0.007345615,-0.005074891,-0.005837314,0.000656195,0.009,-0.0211,0.002127404,-0.00066845
30/09/1987,-0.033908655,-0.026831665,0.000173261,0.013877568,0.022441136,0.003949279,0.028696712,0.020149769,-0.027301263,-0.017918881,-0.012945945,-0.000474951,-0.0053,-0.0416,0.001169109,0.004668473
31/10/1987,0.022591009,0.027173428,-0.022894441,-0.033810132,-0.02194015,-0.001888822,-0.031578495,-0.01720278,0.027361946,0.021944769,0.028574861,0.006670597,-0.0116,0.0578,-0.004631604,-0.004218448
30/11/1987,0.008637955,0.004572056,0.010020332,0.001959673,0.00202845,0.007929546,-0.005476278,-0.00043932,0.005001945,0.004179762,0.003081314,-0.002878934,0.0088,-0.0023,-0.000486091,0.002127471
31/12/1987,0.015886966,0.010460484,0.003275894,-0.003110913,-0.00484398,0.005434767,-0.009314957,-0.004283463,0.009919686,0.007761269,-0.006035893,-0.000450835,0.0047,0.013,-0.000988442,0.004767888
31/01/1988,0.037855176,0.029429917,-0.000468737,-0.007607654,-0.014553127,-0.003873409,-0.019791224,-0.02063068,0.023395323,0.021081991,-0.011886155,0.001816941,-0.0149,0.0627,0.00139699,0.008841599
29/02/1988,0.011164351,0.00561246,0.003298788,0.006319884,0.001549637,0.004079932,-0.003336364,-0.003330464,-0.000738918,0.004963763,-6.48E-05,-0.000882926,0.0086,0.0023,-0.001445483,-0.003186411
31/03/1988,-0.013104099,-0.017940972,0.009652421,0.013473989,0.011557282,0.002168555,-0.017755115,0.015204032,-0.014589397,-0.0090975,0.008098658,-0.001816578,0.0119,-0.0353,-0.002113297,-0.003146853
30/04/1988,-0.010813709,-0.017333512,0.004051724,0.007581232,0.013453664,0.006078432,-0.018889972,0.01288017,-0.014959157,-0.012678545,-0.010965423,-0.004683927,0.0011,-0.0204,0.000448301,-0.006571052
31/05/1988,-0.010795782,-0.011759697,0.005792799,0.00673908,0.009009978,0.007452361,-0.005593441,0.010667837,-0.006032101,-0.007302878,-0.009370293,-0.003986443,0.0045,-0.0148,0.000908498,0.000274699
30/06/1988,0.019501791,0.021818407,-0.004583483,-0.001976556,-0.013621185,0.007457833,0.000170395,-0.008824593,0.022722765,0.016741053,0.017445448,0.003571694,0.0011,0.0317,0.000588791,-0.006835084
31/07/1988,-0.00635452,-0.007973101,0.010028207,0.008285288,0.006734802,0.003112192,0.004655456,0.005192385,-0.00928796,-0.005601201,0.012379485,-0.001322105,0.0059,-0.0219,0.000811382,0.001490466
31/08/1988,-0.003471349,-0.000618796,0.00112476,-0.003895465,-0.000269284,0.005976293,-0.00035214,0.000890621,0.005119902,0.002388734,-0.001237624,0.001676112,-0.0004,0.0007,0.002552547,0.000202735
30/09/1988,0.01500488,0.014229356,-0.006486542,-0.007605606,-0.009640736,0.002102864,-0.013124101,-0.009471147,0.012347094,0.011375836,-0.000489305,0.002187368,-0.0019,0.0286,-0.000260333,-0.003210819
31/10/1988,0.010859898,0.013919353,-0.00492834,-0.005070955,-0.006225446,0.003003619,-0.006640664,-0.005925088,0.013428097,0.008038168,-0.014626234,0.005848381,-0.0035,0.0246,0.004900727,0.003236427
30/11/1988,-0.011884663,-0.009981178,0.010754962,0.01132563,0.009760381,0.009043347,-0.006614729,0.005595954,-0.005263622,-0.001868313,0.012699297,0.007050326,0.0027,-0.0257,-0.001432917,-0.002742228
31/12/1988,-0.003609431,0.000760852,-0.001268633,0.000182623,-0.000981247,0.003170573,0.003960942,0.00022614,0.002714207,-0.002351833,0.000844663,-0.000708256,-0.0071,0.0053,-0.001100749,-0.000471406
31/01/1989,0.009188539,0.008329436,-0.001375117,0.000148993,-0.001224033,0.005384727,0.000981212,-0.003577465,0.005025461,0.007307704,0.006562017,-0.000994847,-1.00E-04,0.014,0.002068383,7.85E-05
28/02/1989,-0.010760326,-0.007970577,0.008228611,0.006396495,0.008268862,0.004035445,-0.00655494,0.007325792,-0.007432341,-0.003434402,0.007954914,-0.000818905,0.005,-0.0234,0.000953349,0.00025834
31/03/1989,-0.00487977,-0.001369556,-0.005993135,-0.002186919,-0.001932648,0.001356046,0.000680196,0.000977147,0.002127617,-0.001168732,0.002872308,6.45E-05,-0.0058,0.0061,-0.001858032,0.001810798
30/04/1989,0.005302309,0.00496725,-0.011036095,-0.013318039,-0.010795622,-0.007646441,-0.004762838,-0.007900126,0.005926327,0.00370284,-0.015470392,0.001867065,0.0054,0.0092,-0.000379906,0.001528387
31/05/1989,0.018680179,0.016067289,-0.000930407,-0.007427414,-0.011865477,-0.001095972,-0.006483764,-0.010802843,0.01627947,0.011306887,-0.009109812,0.001496045,-0.0022,0.0334,-0.000846013,-0.000331337
30/06/1989,0.021431707,0.019042697,-0.011106055,-0.009066958,-0.015727184,-0.007921617,0.004897895,-0.003928483,0.019709187,0.011975097,-0.019341232,0.005342191,-0.0155,0.0471,0.000725149,0.001508908
31/07/1989,0.009636082,-0.00208573,-0.007186615,-0.01024267,-0.004762118,-0.006448382,0.002274195,-0.005041702,-7.71E-05,-0.000382888,-5.82E-06,0.001836617,-0.006,0.0167,-0.00171194,0.004287013
31/08/1989,-0.016673832,-0.008643303,0.011193686,0.011278718,0.003848704,0.008248268,-0.008736031,0.002155187,-0.005134615,-0.007118102,0.012478675,2.59E-05,0.0096,-0.0329,-0.000117559,0.000796659
30/09/1989,-0.003874471,-0.002733136,-0.000152943,-0.006689907,-0.003680659,-0.002360264,0.000540928,-0.00054836,0.002511797,-0.006367094,-0.004885392,0.001669026,0.0021,-0.0055,0.001166558,0.002764048
31/10/1989,0.011737611,0.005478526,-0.011997598,-0.01726195,-0.012606982,-0.009784526,0.015968251,-0.006581522,0.010792262,-0.000680038,0.000974061,0.003782595,-0.0103,0.0314,-0.000501224,0.002852763
30/11/1989,-0.00092638,-0.003058312,-0.003376496,-0.001968215,0.000410915,-0.001015703,0.000462536,-0.000535648,-0.001655281,-0.001346738,0.002449149,0.001054791,-0.0008,0.001,-0.001032016,0.000952037
31/12/1989,-0.004802968,-0.003857793,0.001096836,0.003030017,0.000477433,0.001357612,-0.001913635,0.002364619,-0.002528317,-0.005056476,-0.006045535,0.000521744,0.0012,-0.0075,0.002756201,0.005422479
31/01/1990,-0.018126892,-0.019152007,0.007168215,0.006395704,0.009844202,-0.000885828,0.001843928,0.001561605,-0.014672482,-0.014623832,-0.012428016,-0.001985801,0.0152,-0.0404,-0.004141827,0.003372623
28/02/1990,-0.005631941,-0.007171079,0.000435781,-0.00798029,-0.005669777,-0.005628127,0.005693623,-0.001372169,0.00106143,-0.010655891,-0.004169645,0.002874901,0.0013,-0.0082,0.001045991,0.003136598
31/03/1990,-0.003808775,-0.00237606,0.002932615,0.004695125,0.002472469,0.003227536,0.00256346,-0.001275275,-0.003297867,-0.001099824,0.000884754,-0.000903087,0.0033,-0.0101,0.001504235,-0.000335904
30/04/1990,-0.015328422,-0.015653407,0.004416655,0.010882078,0.01302161,0.002452374,0.011263837,-0.00357982,-0.019336153,-0.004411347,-0.004830896,-0.000515893,0.0011,-0.0266,-0.002080931,-0.003153061
31/05/1990,0.025722248,0.023009164,0.001760043,-0.000158789,-0.008440878,0.012057784,-0.023970513,0.008216423,0.023181089,0.01766188,0.032110724,0.004391089,-0.003,0.0346,0.000412841,0.002143118
30/06/1990,0.011479716,0.007293926,0.000822719,0.000209837,-0.002733124,0.002744585,-0.005148584,0.003834221,0.00594213,0.008169729,-0.006597334,0.00075884,-0.0014,0.0162,0.001332978,0.003082607
31/07/1990,0.005294013,-0.002396996,-0.000959411,0.002203557,0.00411267,0.000567105,0.001177581,0.002047656,-0.004986122,0.000968818,-0.00059233,-0.000133393,-0.0005,0.0044,0.000466007,0.000918824
31/08/1990,-0.025047293,-0.028798751,0.001172231,-0.003518333,0.009639325,-0.011614611,-0.008889711,0.002043495,-0.025939012,-0.018270263,-7.54E-05,0.002380007,0.0127,-0.0487,0.001272751,-0.000231
30/09/1990,-0.006026673,-0.007045469,-0.009705267,-0.014922122,-0.020183626,-0.014776552,0.002616679,-0.004145885,0.00641881,-0.012668187,-0.002331022,0.01159064,-0.0026,0.0051,0.00609644,0.015181244
31/10/1990,-0.00595599,-0.003750021,-0.01710781,-0.018565505,-0.016805,-0.014250768,0.002139556,-0.002679246,0.006495316,-0.013558683,-0.018195886,0.00563003,-0.0083,0.0155,0.005900135,0.01710771
30/11/1990,0.014601962,0.016119198,-0.00569608,-0.011317894,-0.004722193,-0.000975789,-0.000334336,-0.001672848,0.013470145,0.012505385,-0.003015552,0.00379752,-0.0117,0.0334,0.000720645,0.003688635
31/12/1990,0.008516132,0.00412389,-0.002213494,0.004126291,0.000932302,0.005138411,-0.004483704,0.002628678,0.00357214,0.004082296,-0.003209828,-0.005438539,-0.002,0.013,0.003513294,-0.002515618
31/01/1991,0.007280172,0.003339064,0.002020494,-0.012013649,-0.010664139,-0.005549084,0.003655863,-0.002288173,0.014018061,-0.002758533,-0.005440518,-0.000809333,0.002,0.007,0.005051872,0.006883497
28/02/1991,0.014446519,0.017905402,0.013825294,0.013109094,0.007722082,0.012333597,-0.014935981,0.005746906,0.003111358,0.016379694,0.004293389,-0.000309059,0.0091,-0.0022,0.001442262,-0.00835102
31/03/1991,0.009292416,0.007626978,0.010509501,0.008675474,0.005373288,0.011189527,-0.005466716,0.005027369,0.000101166,0.008254488,-0.005241796,-0.003376538,0.007,-0.001,0.000705126,-0.003317192
30/04/1991,0.008194564,0.007046235,0.0025265,0.003566678,0.004795929,0.005870601,-0.000821508,0.006187848,-0.000123044,0.005829234,-0.000840853,-0.005144403,-0.0002,0.0096,0.002228824,-0.000790234
31/05/1991,0.001975957,-0.000855729,0.002702865,0.004050495,0.003596775,0.002069361,-0.002764901,4.63E-06,-0.003994849,-0.001425077,-0.000977145,0.000496068,0.0039,-0.0053,0.003019143,0.001275182
30/06/1991,-0.002420156,-0.000984811,0.005615454,0.009323171,0.005102803,0.006174236,-0.001795633,0.002085205,-0.002993449,0.002210381,0.003462737,-0.001934478,0.0045,-0.011,0.000693805,0.002330029
31/07/1991,0.010183689,0.010142819,0.002014235,-0.000783017,0.000206869,0.002655293,0.003179147,0.004098266,0.00523841,0.006532046,0.000702029,-0.000415445,0.001,0.0115,0.000428501,0.001119475
31/08/1991,0.018005369,0.015357845,-0.002354176,-0.003794796,-0.00857269,-0.004892858,-0.001951632,-0.000485293,0.011773842,0.010562958,-0.009242858,0.003451119,-0.0065,0.0291,6.31E-05,-0.00209456
30/09/1991,0.015695233,0.011878713,-0.00459799,-0.003440135,-0.008331148,-0.003801029,-0.000841652,-0.001233759,0.010628241,0.00594056,-0.009213557,-0.00016358,-0.0032,0.0257,-0.002040526,0.000358533
31/10/1991,0.006110876,-0.002033785,0.001625114,0.002919955,0.003118507,-3.16E-05,-0.000830073,-0.000982969,-0.005092587,0.002935999,0.002812723,0.00043429,-0.0011,0.0008,0.00182532,0.000635601
30/11/1991,0.005917463,0.00038214,0.000476256,-0.001503384,-0.001914872,-0.00261814,0.001343719,0.001500275,-0.001199091,0.000610544,-0.000747201,-0.000773585,0.0024,0.004,0.000155608,0.000431183
31/12/1991,0.028168611,0.028448899,-0.00849919,-0.009895486,-0.020831447,-0.009761655,0.02165385,-0.001997919,0.028857056,0.013344098,0.007218145,-0.000780385,-0.0145,0.0542,-0.000935009,-0.002357017
31/01/1992,-0.012377395,-0.010659987,0.009993767,0.013205822,0.019606585,0.020833875,-0.01635755,0.009579343,-0.022245846,0.007814146,0.033888825,-0.003855456,0.0151,-0.0362,0.000537831,-0.003191828
29/02/1992,0.008014692,0.010248486,0.007069654,0.005389498,-0.001332506,0.004631684,0.005249462,0.00225137,0.007833954,0.004947566,0.004420359,-0.001007892,0.0045,0.0017,0.001091496,-0.00218371
31/03/1992,-0.00573716,-0.003500843,0.003982781,0.00945258,0.008307182,0.011134711,-0.006210677,0.002474127,-0.005739163,0.001859072,0.003996108,-0.000718982,0.0021,-0.0122,0.00122499,0.00175826
30/04/1992,0.002626413,-0.004381641,0.000402636,0.003754717,0.006764946,0.002342874,-0.001661305,0.004233095,-0.009289766,0.001456259,-0.002251105,0.002695515,0,-0.0018,0.004085717,0.005968963
31/05/1992,0.01894537,0.015708587,0.002144118,-0.002954054,-0.009633042,-0.001358702,0.005933889,-0.001627574,0.014851886,0.008823043,0.008806003,-0.001143894,0.0011,0.0211,0.002372523,0.000856034
30/06/1992,0.012233198,0.004693683,-0.000880091,-0.000429074,-0.003531227,-0.004229348,-0.002186183,-0.000202324,0.001133501,0.002348409,-0.005999653,0.000508045,-0.0044,0.0172,0.000300711,0.002604429
31/07/1992,0.022342719,0.01588327,-0.004187175,-0.003506461,-0.008882909,-0.003592428,-0.009574705,0.000977852,0.015792551,0.004225723,-0.011401917,-0.00709129,-0.009,0.0366,0.003188114,0.001860457
31/08/1992,0.004814873,-0.000442507,-0.002369766,0.000295702,0.00326398,-0.000625363,-0.00270734,0.002832837,-0.000651759,0.001820718,-0.002567745,-0.005784497,0.0023,0.0036,0.002009945,0.001570276
30/09/1992,0.009781421,0.003466488,-0.004503483,-0.000750731,-0.001492926,-0.004153266,0.004113456,-0.001009482,0.000124689,0.004243246,0.000948074,-0.000367264,-0.0086,0.0159,0.000811219,0.000130314
31/10/1992,-0.019141597,-0.008228913,-0.000582156,0.002522127,0.012916242,0.011014331,-0.019347238,-0.001071187,-0.012009902,0.004868868,0.012228839,0.014268574,0.0042,-0.0224,0.004359863,0.007472741
30/11/1992,0.000325294,0.003434844,0.005205381,0.002405649,-0.001506553,0.013800005,-0.002015797,0.004052924,0.010616965,0.003467029,0.002659418,-0.001103184,0.0059,-0.0013,-0.000553792,0.000960841
31/12/1992,0.015506282,0.013051491,0.000274089,-0.002838134,-0.006763866,6.78E-05,0.003707954,-0.002712607,0.012521634,0.002591787,-0.004736757,-0.003955032,-0.0018,0.0223,0.00035148,0.000542582
31/01/1993,0.0215719,0.01495933,0.000210139,0.001485838,-0.00808429,-0.001754774,0.002257159,-0.002824821,0.010672198,0.003201542,-0.013870943,-0.008011326,-0.003,0.0252,-0.000227471,-0.000909971
28/02/1993,0.020273266,0.013194749,-0.00019893,-0.0015577,-0.011460296,-0.003330552,0.003185394,-0.001281634,0.016134052,-0.001058312,-0.015541464,-0.007360183,-0.0098,0.0331,-0.001558692,-0.00055842
31/03/1993,0.002483444,0.001880815,0.001243098,0.005634071,0.004660321,0.003693492,-0.003829783,0.000919744,-0.003913874,0.003518223,0.004349816,0.001855319,0.0004,-0.0001,0.000159141,0.00183638
30/04/1993,0.005341254,0.000717906,-0.000208457,0.00244867,0.00171106,-0.000468794,-0.001917753,-0.00089345,-0.002491112,0.000834066,-0.002466694,-0.000551582,-0.002,0.0047,-0.001701842,0.00146097
31/05/1993,-4.53E-05,0.004067015,0.002567505,0.005485207,0.003131133,0.007652228,0.000820832,0.000675726,0.002497443,0.002546248,0.001949502,-0.001506012,-0.0027,0.0023,0.000247423,0.000704215
30/06/1993,0.021195326,0.014071565,-0.001896709,0.000883413,-0.013576475,-0.00199596,0.02114501,-3.21E-06,0.019585155,0.002735761,-0.002778634,-0.009606081,-0.0156,0.0427,0.004295784,-0.00092434
31/07/1993,0.005088451,0.003877764,0.002027479,0.001918987,-0.002378057,0.005800352,0.003073055,0.000641336,0.009224664,-1.81E-05,-0.006126363,-0.000309477,-0.0091,0.0166,0.001527454,0.002615272
31/08/1993,0.019972269,0.011881982,-0.001556532,-0.008482552,-0.016817958,-0.004010483,0.019789231,-0.002135589,0.020892017,-0.004497931,-0.015910679,-0.00667846,-0.0147,0.041,0.000595472,0.001044801
30/09/1993,-6.95E-05,0.001548177,-0.002703335,-0.003208229,0.000510464,-0.00431414,-0.002355249,-0.000828375,-0.003282549,-0.000245673,0.004122162,0.002727093,0.0038,-0.002,0.000327849,0.002426165
31/10/1993,0.00550415,0.00245227,0.004093259,0.008949794,0.001055733,0.007560143,-9.02E-05,0.002278268,0.003753317,0.002640935,0.002681917,0.000396859,-0.0045,0.007,0.001688124,0.001527037
30/11/1993,-0.01274984,-0.011835584,0.003374882,0.010035847,0.014560884,0.00570826,-0.022528022,0.00073636,-0.019709453,0.007947674,0.004477402,0.004888466,0.0071,-0.0281,0.002396201,0.000611774
31/12/1993,0.004629488,0.002689245,0.001245349,0.002070762,0.001957869,0.002879238,0.000243402,-0.000171194,0.000177634,0.001951638,-0.000513287,-0.000600763,0.0047,-0.0005,0.000942702,-0.000243245
31/01/1994,0.01689311,0.013586413,0.005754671,0.004355291,-0.005957249,0.006515637,0.004934636,0.002117049,0.013845154,0.001830865,0.000305096,-0.005467188,-0.0055,0.0234,0.000222946,0.002312695
28/02/1994,-0.022042294,-0.017919224,0.005622546,0.010614498,0.016897363,0.004398681,-0.006686581,0.007768092,-0.020818119,0.003708982,0.02201879,0.007746324,0.0164,-0.0475,0.002445795,0.00139326
31/03/1994,-0.033801543,-0.035164864,-0.003509829,-0.006368694,0.019102472,-0.006307598,0.002791075,0.01544773,-0.032035824,-0.005145233,-0.033193098,0.008226062,0.0012,-0.0416,0.000121027,5.01E-05
30/04/1994,-0.011463798,-0.007545807,0.000773464,0.000381757,0.00628817,0.002193513,0.00647312,0.006349846,-0.007561375,-0.004080865,-0.009985685,0.004732657,0.0053,-0.0177,0.001216155,0.002464175
31/05/1994,-0.005914065,-0.006890256,-0.001554524,0.001820137,0.006763149,-0.001285374,0.009531038,0.001300985,-0.011460066,-0.004134414,-0.00648309,0.000433722,0.002,-0.0109,-0.000430544,0.006768505
30/06/1994,-0.004510512,-0.007579018,0.002717902,0.005667408,0.00398991,-0.001390066,0.005887505,0.002687253,-0.007952566,-0.002552644,-0.004918878,-0.001154574,0.0019,-0.0131,0.001661939,0.001416531
31/07/1994,0.020071458,0.022424477,0.002674768,-0.00235994,-0.008058788,0.007012288,-0.019258406,-0.008407383,0.020436795,0.006279092,0.020108382,-0.000874808,-0.0054,0.0332,0.000984532,-0.000902397
31/08/1994,-0.001825979,-0.006857578,0.001155494,0.006469063,0.003775025,-0.002565974,0.005743862,0.001913845,-0.007921376,-0.00032544,0.009470555,-8.21E-05,0.0055,-0.0114,6.87E-07,0.000623969
30/09/1994,-0.019961315,-0.02455399,0.001700734,0.006789584,0.008265941,-0.006324507,0.018045079,0.01144851,-0.022366,-0.007846102,-0.014012108,0.000222115,0.0066,-0.0368,-0.000876638,0.002033536
31/10/1994,-0.005433218,-0.006643669,0.000501543,0.003520052,0.002517172,0.000348817,0.002228577,0.003611267,-0.004305069,-0.003416443,-0.006043816,-0.00204478,-0.0025,-0.0062,6.26E-05,0.000482808
30/11/1994,-0.007104059,0.00271027,-0.001778849,-0.0052824,-0.004089557,0.003153035,-0.005825764,0.002882416,0.008413172,-0.000521498,-0.001340783,0.003257091,-0.0048,0.0028,0.001572153,0.002607361
31/12/1994,0.00378318,0.010527461,0.000890858,-0.001102694,-0.002943813,0.00766313,-0.009015913,-0.00119929,0.010784716,0.00548715,-0.006226665,-0.001646586,-0.0004,0.0124,0.000482063,0.001007282
31/01/1995,0.016447866,0.010779967,0.001056235,-0.002954299,-0.004808926,0.000628339,-0.004014007,-0.00351572,0.009834279,0.003292851,-0.007291237,-9.59E-05,-0.0017,0.0229,0.002272615,0.001011502
28/02/1995,0.025322174,0.019509662,0.006241204,0.003548072,-0.001270103,0.006607933,-0.013471049,-0.007849034,0.011532977,0.008657669,-0.013367022,-0.002029417,0.0002,0.0245,-0.000200203,0.000165848
31/03/1995,0.003682546,0.004353035,0.000740109,0.002091304,-0.000992734,0.003617336,0.001845686,-2.83E-05,0.003980766,0.000784646,-0.001390734,-0.000368349,0.0004,0.0051,0.000974823,0.002489832
30/04/1995,0.012576114,0.009368485,0.002217291,0.002514821,-0.000420706,0.005044875,0.005211953,-0.003010166,0.006734576,0.00407054,-0.002217604,-0.000582418,0.0006,0.0123,0.000249801,0.002405614
31/05/1995,0.038030118,0.041691552,-0.004071772,-0.010531292,-0.018849328,0.008124555,0.032043904,-0.003802388,0.034565108,0.009138979,-0.029412791,-0.001495364,-0.0159,0.0746,-0.004264457,0.000284782
30/06/1995,0.004375509,0.005903518,-4.26E-05,0.000463228,-0.001178935,0.002775801,0.004583274,0.000125082,0.005302014,-0.000129191,-0.005650392,-0.000407097,-0.006,0.0085,0.000526601,0.002085093
31/07/1995,-0.00635443,-0.011363114,0.003758616,0.010910691,0.006105795,-0.000108174,-0.01332919,-0.002357205,-0.012427311,0.003140023,0.010344532,0.000346109,0.0067,-0.0215,0.003032003,0.001633577
31/08/1995,0.009664006,0.014975886,0.001391485,-0.003263764,-0.006739104,0.005235932,0.013012311,-0.001029905,0.013649298,0.002227226,0.013362661,-0.000370865,-0.0022,0.0191,0.000549257,-0.000850938
30/09/1995,0.007368855,0.009794289,0.001287488,0.002232814,-0.002269311,0.005953064,0.009141488,-0.003487582,0.008348166,0.00144804,-0.008420364,-0.002737476,-0.0022,0.0128,0.000574278,0.000198841
31/10/1995,0.007021633,0.005039364,-0.004238728,-0.008234193,-0.003809066,0.001178135,0.007141401,-0.0029225,0.006282854,-0.002793803,-0.007968116,-0.002153307,-0.0109,0.0251,0.004749237,0.006359473
30/11/1995,0.013292617,0.013779167,-0.000435876,-0.002280551,-0.004610386,0.001820116,0.013388633,-0.000165546,0.01215528,-0.00337396,-0.010491777,-0.003307972,-0.0007,0.0202,0.003231363,0.000618727
31/12/1995,0.010818935,0.014734702,0.000447157,0.000639041,-0.005989015,0.005803561,0.010722682,-0.002762834,0.012528062,-0.002014346,-0.01270559,-0.003628992,-0.0044,0.023,0.000936678,-0.00014745
31/01/1996,0.00337182,-0.007115835,0.001498827,0.006339917,0.006389002,-0.002200118,-0.005333108,-0.001792664,-0.009949089,0.003773725,0.006790672,0.000825902,0.0025,-0.006,-0.001126958,0.002566715
29/02/1996,-0.024210548,-0.032882214,0.003446416,0.010954346,0.018269437,-0.007332547,-0.031618639,0.005245933,-0.030447267,0.005954502,-0.025904729,0.004881206,0.011,-0.0526,-0.000218796,-1.98E-05
31/03/1996,-0.011118193,-0.010440361,0.004282127,0.004070675,0.008730398,0.000385302,-0.010235139,0.002515478,-0.007411949,0.000408581,-0.011316718,0.003334105,0.008,-0.0249,4.25E-05,-0.001227177
30/04/1996,-0.011827746,-0.013822574,0.001719487,0.003871683,0.007598462,-0.00107726,0.003015692,0.001050931,-0.013443161,-0.001799658,-0.008682921,0.000568181,0.0005,-0.0204,-0.00064559,-0.001013092
31/05/1996,-0.005149661,-0.003728823,0.002128337,0.003739158,0.005083742,0.002462352,0.003553397,0.001883155,-0.003758349,-0.000691793,-0.006035383,0.001085985,0.0059,-0.01,0.00203795,-0.001656023
30/06/1996,0.009659848,0.010861794,0.000451064,-0.003591061,-0.004173039,0.003483906,-0.009999736,-0.002628469,0.008849766,0.001929787,0.00423043,0.000181985,-0.0031,0.0161,0.000955319,-8.24E-05
31/07/1996,-0.00222366,-0.00328363,0.000147396,0.002086254,0.002424867,0.00080214,0.003340053,0.001905496,-0.002939709,0.000192505,0.003071105,0.000562274,-0.0008,-0.0022,0.000127677,0.000469646
31/08/1996,-0.005526892,-0.012044123,0.002756769,0.006978723,0.005836676,-0.001682759,0.009362388,0.001893514,-0.010447455,-0.002090249,-0.008155083,-0.000770804,0.0069,-0.0184,0.00065738,0.001270253
30/09/1996,0.017120116,0.01786386,0.002712866,0.003000163,-0.004029688,0.010278655,-0.00837902,-0.001203295,0.014732201,0.006555254,0.017718516,-0.001099086,-0.0031,0.0249,0.000567785,-0.000545305
31/10/1996,0.01994533,0.021995088,-0.00047844,-0.010064557,-0.011874349,0.004732974,-0.014478457,-0.003818115,0.01908725,0.004150147,-0.02237448,0.000827285,-0.0043,0.036,0.001042052,0.000749198
30/11/1996,0.01654356,0.018342428,0.000303007,0.001985624,-0.005223891,0.008300127,0.007370473,-0.005544212,0.016461179,0.003722399,-0.017318811,-0.002636869,-0.0088,0.0309,-0.000754404,0.000162733
31/12/1996,-0.01496215,-0.017814321,0.003920397,0.013600261,0.001355725,-0.001462251,-0.016937444,0.009731564,-0.016329052,0.001822763,0.018558222,0.002321658,0.007,-0.0297,0.001001751,-0.000381718
31/01/1997,-0.002418397,-0.007447677,0.002922891,0.004232988,0.003785676,-0.003358789,-0.005443543,0.001551012,-0.006707376,-0.000780039,-0.007138478,0.000339719,0.0051,-0.0125,-0.001377779,0.001845913
28/02/1997,0.000122146,-0.000332912,0.005192523,0.009695529,0.003095295,0.005243717,0.000498705,-0.000983338,-0.000920865,0.001339105,0.001404059,0.000368519,0.0023,-0.004,0.00096547,-0.001504784
31/03/1997,-0.016537856,-0.016948227,0.003476828,0.004815187,0.00676464,-0.006613303,-0.01438493,0.003515071,-0.01717344,0.000100211,0.004938987,0.003410689,0.0031,-0.0291,0.002883998,0.003259659
30/04/1997,0.010875105,0.010995224,-0.001434185,-0.003830719,-0.002593766,0.003753891,0.004428171,-0.001044602,0.009327241,0.004266018,0.010974495,0.000182707,-0.0071,0.0212,-0.001205124,-0.001380082
31/05/1997,0.006033827,0.002211368,0.000900397,0.007931474,0.001997549,0.006322556,-0.001143998,0.000222594,0.001194104,0.001680632,0.000315205,0.00042423,0.0031,0.0054,0.001005512,0.000157058
30/06/1997,0.011716636,0.013943193,0.001249951,7.87E-06,-0.001863339,0.00820388,-0.010116579,7.60E-05,0.012079302,0.004876587,-0.006077746,-0.000390824,-0.0008,0.0146,0.001529102,-0.001690869
31/07/1997,0.030560563,0.041259345,-0.002685098,-0.007575576,-0.013417306,0.017542947,-0.02466134,-0.00183201,0.036828559,0.004184465,-0.042782685,-0.003972536,-0.0098,0.0589,0.003039838,-0.001267239
31/08/1997,-0.016768251,-0.023847662,0.004121006,0.006012518,0.006349365,-0.008578656,-0.007792058,-0.000356323,-0.022855736,0.005351448,0.031528514,0.004326682,0.0077,-0.036,0.000503466,3.32E-05
30/09/1997,0.013634435,0.017437444,-0.002183807,0.00107367,-0.000947385,0.008546597,0.014256452,0.006238806,0.014122628,0.00317643,0.018369067,-0.000607548,-0.009,0.0275,0.001622941,0.000533376
31/10/1997,0.009827662,0.009980698,-0.0074999,-0.001800436,-0.002970473,0.003721153,0.00937445,0.001110671,0.012971322,-0.001076075,-0.013365176,0.0030779,-0.015,0.0297,0.000539774,1.98E-05
30/11/1997,0.000418968,0.008391995,-0.000254768,0.002699448,0.004159471,0.009168988,0.00592199,0.000213041,0.00437366,1.32E-05,0.004158951,-0.003203232,-0.0047,0.0106,0.000955691,0.001716019
31/12/1997,0.007450998,0.007670166,-0.002552705,-0.001037353,-0.001844575,0.00319335,0.006732322,-0.002143216,0.008330809,-0.003082767,-0.00180046,-0.003042742,-0.0021,0.0145,0.000274875,0.000278386
31/01/1998,0.009195977,0.001382359,-0.004115365,-0.000827528,0.00055265,0.000216218,0.000230329,0.00019888,0.000252781,0.001038068,0.000351504,0.00021104,-0.0063,0.0152,0.000672253,0.000511064
28/02/1998,-0.004345718,-0.00320114,0.005261212,0.003471131,0.00164569,0.00261917,0.000701506,-0.001534553,-0.002533647,-0.001156059,0.008462368,-0.000894082,0.0065,-0.0115,-0.001507609,0.002006816
31/03/1998,0.001648378,0.001421178,0.002428974,0.002052274,0.002959002,0.003408903,-0.000635803,0.001614362,-0.000327641,0.001920404,0.00147477,5.01E-05,0.0013,-0.0014,0.000220513,-0.000539424
30/04/1998,0.00037565,0.000633997,0.00100536,0.000534158,0.000824298,0.000705448,-0.000661335,0.000688041,0.00055872,0.001703674,0.001916244,0.00014936,0.0027,-0.0013,0.000344186,0.000250033
31/05/1998,0.007810639,0.012330982,9.46E-05,-0.000857839,-0.000399996,0.005789405,0.005251028,-0.002490822,0.010308177,-0.002033736,0.002872482,-0.000760242,-0.0015,0.0139,0.000294524,-0.002125048
30/06/1998,0.003831555,0.005991437,-0.006502483,-0.002062078,-0.000501959,0.003032767,0.001927092,-0.003117333,0.00575124,-0.002523845,-0.004998307,-0.000868002,-0.0113,0.0188,0.000765155,0.000807924
31/07/1998,-0.00414955,-0.014268199,-0.000892689,0.003685755,0.001502949,-0.004655879,-0.00652698,0.003778493,-0.010958551,0.004684808,0.009560956,0.000887501,-0.0016,-0.0081,0.001644375,0.004333673
31/08/1998,-0.008379266,-0.014225311,-0.040394238,-0.028270482,-0.009011738,-0.025441428,-0.010019724,0.006211605,-0.008090202,-0.002235179,-0.01372004,0.003595226,-0.0376,0.0425,0.001716812,0.003562203
30/09/1998,0.023118285,0.023287941,-0.00746777,-0.021381372,-0.009731421,-0.003239564,0.009268669,-0.010248969,0.028586775,-0.004719591,0.021724236,-0.01256169,0.0018,0.0352,0.011600304,0.007706553
31/10/1998,-0.01698457,-0.020695895,-0.006332293,-0.007878573,-0.002979212,-0.013571827,0.006872138,0.009099187,-0.019524638,0.000502194,0.012069768,-0.00033221,0.0028,-0.0264,0.002601301,0.008006217
30/11/1998,0.017409073,0.032229779,0.02082652,0.013816638,0.012040452,0.036386222,-0.013407652,-0.012602603,0.022983026,0.01781238,0.038988019,-0.007220093,0.0173,0.0065,0.000367161,-0.00821682
31/12/1998,0.001163584,0.002837564,0.002168644,-0.002101181,-0.001249348,0.00180267,0.000683797,-0.002472561,0.003598944,-0.001258303,0.010575688,0.000963516,0.0042,-0.0063,-0.003247703,0.006875846
31/01/1999,0.006770292,0.007997988,0.00511366,0.002513763,-0.000301343,0.004856116,-0.001620216,-0.004019189,0.005953578,0.000178074,0.006405829,-0.002556432,0.0002,0.0083,0.001604404,0.003293639
28/02/1999,-0.026995382,-0.034772548,0.013569493,0.016464848,0.004574569,-0.007560353,-0.020501658,0.014810972,-0.034284327,0.013588679,0.019957638,0.008708727,0.0119,-0.0555,0.00550236,-0.002792656
31/03/1999,0.003640531,-0.002027463,0.002792676,-0.000259006,0.000819048,-0.000965751,-0.007037084,-0.000819547,-0.00258878,0.002592117,-0.004471735,0.002057021,0.001,-0.0043,0.000208441,-0.003110852
30/04/1999,0.00061181,-0.001152513,0.002864086,0.007821141,0.00416997,0.004997027,0.001020753,0.000198426,-0.003149764,0.00385241,-0.000665411,0.001413293,-0.0045,-0.0022,-3.88E-05,0.000370639
31/05/1999,-0.016326728,-0.016612774,0.001294377,0.007320837,0.008551096,-0.001410964,0.001710596,0.00933016,-0.017200308,0.001819884,-0.003772462,0.008742233,0.0009,-0.0222,0.000144354,-0.001345088
30/06/1999,-0.008920486,-0.014382708,-0.001604664,0.001122765,0.004621316,-0.005546038,0.006636963,0.005578879,-0.016262269,-0.001668199,-0.009219307,0.002256261,-0.0082,-0.0112,0.002304021,-0.000235237
31/07/1999,-0.008693002,-0.011270421,-0.000934741,0.006219756,0.00129961,-0.004965473,0.008972361,0.003948265,-0.010898303,-0.003892812,-0.01026253,0.00267045,-0.0036,-0.0117,0.002424819,0.002748435
31/08/1999,-0.008883127,-0.009797317,-0.004266949,-0.005230061,-0.00181984,-0.005261658,0.011820943,-0.004099276,-0.007905258,-0.005836618,-0.008023186,-0.000308112,0.0027,-0.0091,0.00133068,0.008215379
30/09/1999,0.004461473,-0.001496397,-0.000484517,-0.012890799,-0.00758958,-0.008646345,-0.001660148,-0.005615123,0.004579539,-0.003259634,0.001089622,-0.004371171,0.0009,0.0045,-0.001227399,0.008083557
31/10/1999,-0.002766174,-0.00404134,0.003822289,-0.012248513,-0.008113976,-0.005490079,0.002769054,0.000751239,0.004003466,-0.006467714,-0.004439581,-0.00657419,0.0059,-0.0051,-4.50E-05,0.008955108
30/11/1999,-0.001104486,-0.000917234,0.005653623,0.008359764,-0.000159498,0.002168389,0.000648148,0.002179696,-0.002449063,7.63E-05,-0.001269205,-0.00086305,0.0037,-0.01,0.00259983,-0.002188203
31/12/1999,-0.006363067,-0.006698244,0.006744226,0.011656073,0.000502146,-0.000115709,0.004527556,0.006825671,-0.006436633,-0.002015692,0.000491626,0.000576848,0.0053,-0.0191,0.000143462,-0.001591047
31/01/2000,-0.007802692,0.002482439,-0.002317769,0.000108228,-0.000105628,0.001423186,-0.001262582,-4.95E-06,-0.001192934,-0.000682811,0.000484146,0.002157981,-0.0249,0.0184,0.000200636,0.000784038
29/02/2000,0.002169864,0.000135392,-0.009025192,-0.007101826,-0.000920267,-0.000626721,-0.002242413,-0.000393901,0.000160363,0.000901249,0.001070746,0.001856367,-0.0172,0.0223,0.0012266,0.000748557
31/03/2000,0.002817919,-0.000399763,-0.018133144,-0.01900422,-0.001529981,-0.010047061,-0.002629111,-0.004700406,0.002033025,-0.003448564,-0.002043601,0.000300787,-0.0198,0.0324,0.003892033,0.010197204
30/04/2000,-0.014947431,-0.019799108,-0.004419956,0.006683302,-0.00437926,-0.009163536,0.003423583,0.005318545,-0.016421329,-0.007176556,-0.001311726,-0.00047159,-0.0039,-0.0123,0.010029481,0.012312792
31/05/2000,-0.011412546,-0.014400486,-0.009312787,-0.004708658,0.003682739,-0.007352433,-0.001996338,0.00452464,-0.015473702,-0.008009386,-0.00385176,0.003687035,-0.0107,-0.01,0.000809881,0.002658558
30/06/2000,0.019889215,0.018133326,0.005910569,-0.006875346,-0.006681411,0.008021256,-0.017564714,-0.003854246,0.022330733,0.013436072,0.013207466,-0.005832352,0.0082,0.0194,0.002462028,0.004039811
31/07/2000,0.006411535,0.007577475,0.001435554,-0.004577021,0.002525337,0.002345218,-0.005313489,0.001331092,0.006788626,0.002600507,-0.005059532,0.000760507,0.0006,0.0133,-0.000189689,0.012208997
31/08/2000,0.007604159,0.000849315,-0.002256214,-0.00061965,-0.007869557,-0.005748642,0.005026239,-0.002312631,0.008022835,-0.003038808,0.000258732,-0.006028518,-0.0105,0.0192,0.005457169,0.00718627
30/09/2000,0.000412563,-0.01257575,0.004864438,-0.006994981,-8.61E-05,-0.014522755,0.008623446,0.002396838,-0.009533678,-0.008444066,-0.001066627,0.000953834,0.0203,-0.0207,0.006300913,0.017518237
31/10/2000,-0.010787735,-0.02131261,-0.015275,-0.019890076,-0.022759047,-0.031229086,0.028344474,-0.002054522,0.003664481,-0.026001307,-0.010347723,-0.005198968,-0.0142,0.0136,0.01604858,0.032240521
30/11/2000,0.001636345,-0.00276981,-0.013934643,-0.037050257,-0.007734028,-0.03063865,0.02369138,0.004359162,0.010181886,-0.021020683,-0.021966407,-0.004102801,-0.0056,0.0263,0.005334947,0.034209112
31/12/2000,0.014348244,0.006617282,-0.003083563,-0.009388948,-0.008933668,-3.60E-05,0.014484468,-0.002716703,0.014047183,-0.001155168,0.004880496,-0.013697056,0.0027,0.0192,0.00166776,0.005840649
31/01/2001,0.027027609,0.042395205,0.023400996,0.022323401,0.025707342,0.050678196,-0.023550287,0.006168656,0.012348797,0.043202185,0.00528405,0.006238317,0.0354,-0.0045,-0.003123046,-0.030138774
28/02/2001,0.00720874,0.009395609,-0.000594198,0.003365319,0.009660885,0.008692379,0.00622048,0.001777378,8.20E-05,0.007005272,0.018700704,0.007919082,-0.0064,0.0137,0.002571211,0.006539831
31/03/2001,0.000677472,-0.005667643,0.001929584,-0.008996415,-0.000411814,-0.012361978,0.002970146,0.004937144,-0.008177133,-0.007741945,-0.009223462,0.005441421,0.0045,-0.0112,0.010111262,0.022289372
30/04/2001,-0.009517456,-0.014547513,0.010099555,0.006403727,-0.011155044,-0.018514688,-0.003084519,-0.00011262,-0.00942212,-0.013926914,-0.021225292,-0.001166941,0.0185,-0.0355,0.007276925,0.017858335
31/05/2001,0.008499486,0.019310355,0.007859453,0.008703913,0.020203922,0.017237411,0.001376937,0.005864612,0.001357411,0.016112914,0.00359704,0.008536329,0.0095,-0.0002,0.006170572,0.000991844
30/06/2001,-0.001478753,-0.00667204,-0.001492259,-0.014818823,-0.006005604,-0.014238998,0.007677014,0.003851018,-0.000354345,-0.007683132,-0.00430221,0.005173279,-0.003,0.0053,0.007851365,0.021029973
31/07/2001,0.023414748,0.017033112,0.001011647,-0.013023887,0.003580738,0.00824001,-0.001680495,0.002394891,0.018150664,0.009942677,0.007766416,-0.007536135,-0.0015,0.0348,-0.000376775,-0.002339718
31/08/2001,0.008410205,0.009704852,-0.002833421,0.000126683,0.00617732,0.002067745,-0.000452246,0.005272786,0.005107605,0.004534317,-0.002276544,0.004013908,-0.005,0.0176,-0.003059737,0.003432208
30/09/2001,-0.008074858,-0.034366117,-0.0228137,-0.062737572,-0.022435927,-0.043852995,0.001326505,-0.00989986,-0.012661835,-0.025489653,0.003964078,-0.006956608,-0.0233,0.005,0.006316,0.013882654
31/10/2001,0.020723283,0.026358432,-0.008460071,-0.00409239,-0.004720717,0.004351535,0.017033764,0.000408179,0.028689884,0.013671541,0.019346564,-0.003890138,-0.0027,0.0436,0.009965402,0.008288687
30/11/2001,-0.003813491,-0.003611413,0.024317303,0.044862029,0.002784561,0.014918553,-0.014039457,0.00180107,-0.006288718,0.010859781,0.003105765,-0.009854201,0.0283,-0.0493,0.015369876,-0.007699391
31/12/2001,-0.007187323,-0.005306513,0.00483094,0.007607934,-0.001130892,0.002652193,-0.003953574,-0.001812263,-0.00880822,0.000174744,0.002784153,0.009967347,0.0093,-0.02,0.002380077,0.012213965
31/01/2002,0.00439145,0.00155402,0.000474795,0.003650361,0.001338024,0.002055251,-0.002017397,0.001342807,0.003084525,0.002537412,-0.000377302,0.007813226,0.0037,0.0123,0.005020054,0.00797473
28/02/2002,0.003722268,-0.001379615,-0.004946346,-0.01310338,-0.007583002,-0.016883132,-0.001641082,-0.002283119,0.002979956,-0.008671337,-0.015659408,0.007256355,0.0015,0.0101,-0.002211324,0.009269484
31/03/2002,-0.012896952,-0.008512041,0.015512958,0.045027273,0.01338012,0.020477236,-0.014308585,0.005520015,-0.018839443,0.012578773,0.003908671,0.01191991,0.0141,-0.0449,-0.001004795,-0.010830701
30/04/2002,0.010933659,-0.00343513,-0.013181662,-0.006096121,0.000803764,-0.011554059,0.013439767,-0.002681515,0.002201882,-0.007113621,-0.013092258,0.013781349,-0.0157,0.0397,0.008265383,0.005302902
31/05/2002,0.009185866,0.000670483,0.003338665,-0.016387207,0.001701652,-0.005250773,-0.000134192,0.003836138,0.003029386,-0.001463309,0.002979701,-0.001793132,0.0098,0,0.006657506,0.015911477
30/06/2002,-0.01395813,-0.038448793,-0.028893125,-0.063674603,-0.031244263,-0.071911992,0.062605189,0.006433626,-0.008829164,-0.053844175,0.014238829,0.027806419,-0.0114,0.0173,0.009241272,0.057363753
31/07/2002,-0.008656325,-0.042805687,-0.033585791,-0.02660906,-0.029208615,-0.056828892,0.04900265,-0.007627899,-0.00849178,-0.047309762,-0.054086144,0.014290685,-0.0209,0.029,0.018426664,0.050526316
31/08/2002,0.025505755,0.067158697,0.003400993,-0.021752318,0.006024881,0.034753549,-0.036433452,6.80E-05,0.028789688,0.03518746,0.039683641,-0.01265916,-0.0012,0.0449,-0.010594964,-0.029504385
30/09/2002,0.010909844,-0.006085597,-0.018770164,-0.035835838,-0.019521819,-0.030795492,0.026099935,-0.004221746,0.006788853,-0.025880386,0.004866002,0.007253955,-0.0087,0.0403,-0.001137497,0.026702896
31/10/2002,-0.012219556,0.001364923,0.000626276,0.003525736,0.014408529,-0.004404395,-0.018655974,0.00120146,-0.01301663,-0.00364709,0.014784972,-0.014762922,0.0054,-0.0308,0.000207968,-0.004274523
30/11/2002,0.020698574,0.0561533,0.035194403,0.050225155,0.044433265,0.066618231,-0.046784728,0.021491085,0.010721227,0.073122623,0.026510911,-0.002940991,0.0252,-0.0136,0.007164101,-0.038961248
31/12/2002,0.026650124,0.02714496,-0.001217804,-0.024828766,0.010445419,0.013464509,0.000117109,0.007846524,0.015706685,0.010448985,-0.002562776,0.005304671,-0.0146,0.0495,0.003180593,0.000393061
31/01/2003,0.007016438,0.011961314,0.012740469,0.027537411,0.011237975,0.023900723,-0.009169583,0.006524602,0.000324041,0.01407018,-0.008195169,0.002362747,0.0127,-0.0117,-0.000561612,-0.000518514
28/02/2003,0.018877765,0.014845373,0.00113564,-0.013184983,0.003270432,0.005507364,0.01630915,0.004727763,0.012610794,0.001320961,-0.000300055,0.000398144,-0.0065,0.0319,0.004227956,0.00470128
31/03/2003,0.004158845,-0.000685727,0.008721159,0.032872374,0.006278252,0.010885691,0.003254914,0.008772503,-0.004627915,0.007823006,-0.010218,0.003051638,0.0055,-0.0144,0.010662763,0.016501068
30/04/2003,0.024899887,0.051567198,0.022743228,0.041568537,0.026737117,0.045713459,0.009503426,0.018254766,0.018824271,0.030613984,0.018803121,-0.006291009,0.0127,0.0092,-0.00871218,-0.002255071
31/05/2003,0.026265402,0.028274181,-0.00403869,-0.026475672,-0.000860029,0.014676247,0.011166236,0.002091592,0.025769732,-0.004897133,-0.010411484,0.006687113,-0.0121,0.0582,4.11E-05,-0.003743449
30/06/2003,0.002381089,0.003406546,0.00943724,0.031354184,0.010232796,0.008550485,-0.001207889,0.008808435,-0.007346189,0.012322041,0.00807474,0.000915187,0.0011,-0.0163,0.004325282,-0.000137281
31/07/2003,-0.038014424,-0.051688747,0.009278459,0.045599531,0.010760172,-0.010807001,-0.041973297,0.006457712,-0.054242436,0.01654205,-0.021443604,0.008188882,0.0101,-0.0992,0.001174598,0.004441551
31/08/2003,0.0082306,0.020144307,0.006456044,0.010363988,0.003456153,0.015706731,0.010293002,0.006282118,0.013583586,0.009377675,0.025188196,-0.002155687,0.0053,0.0159,0.001335518,-0.004299977
30/09/2003,0.033117664,0.031609774,-0.001710449,-0.015632006,0.000198658,0.012689218,-0.015292423,-0.007137328,0.029654045,0.006532924,-0.011321147,0.000657699,-0.0043,0.0539,-0.000181234,-0.005039769
31/10/2003,-0.00570075,-0.003751613,0.012316346,0.036835979,0.003833588,0.004946218,0.007960089,0.010373955,-0.007518368,0.006809944,0.010261374,0.001004567,0.008,-0.0291,0.000962047,0.005120645
30/11/2003,0.00599053,0.012978411,0.006222766,0.009224337,0.005981871,0.010455526,0.000177575,0.006670499,0.008387303,0.006860795,8.81E-05,0.001334196,0.0079,-0.0034,0.001173176,-0.004282144
31/12/2003,0.014323689,0.014997251,0.004842422,0.011342049,0.009086235,0.011798181,-0.002855903,0.008324112,0.009673796,0.009012129,-0.011244018,-0.003349818,0,0.0132,0.001227613,0.000818857
31/01/2004,0.01081163,0.014226568,0.002616175,0.003294639,0.004059563,0.010366338,-0.007593019,-0.003589432,0.009601036,0.004405651,-0.002380067,0.006685623,0,0.0179,-0.000332215,-0.00150402
29/02/2004,0.008520411,0.003827694,-0.004675406,-0.013176786,0.000764964,5.53E-05,-0.000324204,-0.010653315,0.003328944,-0.004002461,-0.004020876,0.001805998,-0.0052,0.0223,0.002008709,6.80E-05
31/03/2004,0.008710821,0.003843066,-0.000769688,-0.002388749,6.66E-05,4.01E-05,0.002741191,-0.004283656,0.004849687,-0.003095653,-0.006031369,0.001398818,-0.0023,0.0135,0.001939652,0.0015266
30/04/2004,-0.026534216,-0.028462136,0.011354241,0.03273241,0.00717477,-0.00555617,-0.015322075,0.008640905,-0.031122775,0.007904312,0.01835967,0.001100288,0.0054,-0.0597,0.001965514,0.006724829
31/05/2004,-0.0092094,-0.007796709,-0.004576017,-0.011409856,-0.000583142,-0.002432248,-0.008331002,-0.001459296,-0.010095737,-0.002861797,-0.007364981,0.002208723,-0.002,-0.0059,0.00143319,0.001565364
30/06/2004,0.006237437,0.010254866,0.000101204,0.008644257,0.004611067,0.009045672,-0.00090649,-7.25E-05,0.004942561,0.005135034,0.009576482,0.001602557,-0.0028,0.0115,0.00156777,0.000660396
31/07/2004,0.011236991,0.010765492,0.003320286,2.79E-06,-0.003495369,0.002942451,-0.003823024,-0.005845547,0.010929118,0.000390291,-0.005811911,-0.001123648,0.0029,0.0147,0.001446599,0.003371931
31/08/2004,0.021163301,0.023855222,-0.00167877,-0.008704832,-0.001551443,0.010339051,-0.015095235,-2.30E-05,0.022628549,0.000862788,-0.020835697,-0.002698464,0,0.0385,0.001569441,0.003487986
30/09/2004,0.005716415,0.009675925,0.004537816,0.007902527,-0.001030466,0.004792466,-0.004411617,0.000367043,0.009767657,3.27E-07,-0.009117236,-0.001568474,0.0005,0.0085,0.000464908,0.002086168
31/10/2004,0.010466681,0.014362029,0.002714105,0.006853898,-0.00150922,0.007887312,-0.001302781,-0.0001523,0.010204239,0.000666032,-0.008885945,-0.000193646,0.001,0.0143,3.56E-05,0.001911318
30/11/2004,-0.007878631,-0.000984765,0.008807502,0.023633393,0.007011354,0.006171067,-0.009304304,0.005258245,-0.006809077,0.00770027,0.008112922,0.002218493,0.0034,-0.0245,-0.003838076,-0.003886188
31/12/2004,0.012169251,0.022699318,0.002416922,0.001392259,0.004043952,0.014391418,0.012426602,0.001245017,0.016909328,0.002581335,0.009182213,-0.001716529,0.0007,0.0235,-0.000282734,-0.001001062
31/01/2005,0.004128468,0.01369355,-0.00224237,-0.0128814,-0.005322239,0.006553009,0.015802872,-0.010326135,0.01350254,-0.009747568,-0.015678701,0.002421495,-0.0023,0.0284,0.004703431,0.006978779
28/02/2005,-0.003865246,-0.001224266,0.007896695,0.02185675,-0.002027566,-0.000301954,-0.000207066,-0.002353518,0.002142344,0.003638012,0.001814189,-0.000711461,0.0016,-0.0144,0.002733552,8.29E-05
31/03/2005,-0.017103375,-0.018770367,-0.012570945,-0.02368026,-0.006504863,-0.009615931,-0.007412044,-0.008562848,-0.019406633,-0.006705547,-0.003729922,0.009564559,-0.0053,-0.0088,0.005541075,0.002577165
30/04/2005,0.006177731,0.002677712,-0.011084018,-0.032982356,-0.017941072,-0.008880558,0.019252941,-0.03170752,0.009176084,-0.018211247,-0.006759908,0.002352196,-0.0046,0.0352,0.010016517,0.015811906
31/05/2005,0.010919091,0.017976257,-0.002920317,0.002489811,-0.000242654,0.008744428,0.003143112,0.007683638,0.013480248,0.002400869,0.002654357,-0.007301141,-0.0002,0.0276,-0.002082431,-0.002049461
30/06/2005,0.008233314,0.012973527,0.003867428,0.008461201,0.005436198,0.01129303,-0.000358479,0.004066874,0.010083923,0.00561847,-0.002622813,-0.000827419,-0.0026,0.0143,0.000725643,-0.003278016
31/07/2005,-0.006267649,-0.004646035,0.013830777,0.030560515,0.011082871,0.00682457,-0.015395681,0.010364802,-0.006235166,0.014141217,0.004654267,-0.001844959,0.0044,-0.0311,-0.001248041,-0.007008789
31/08/2005,0.009586269,0.005981525,-0.005615462,-0.013457626,-0.004801573,0.004447207,0.010289141,-0.00974603,0.008947679,-0.006268821,-0.001445868,0.001675184,-0.01,0.0309,0.00357942,0.005983708
30/09/2005,-0.018022734,-0.028385888,0.001216513,0.00489833,-0.005341865,-0.016773511,-0.005756325,0.001798639,-0.020933868,0.0014509,0.007619594,-0.000585756,0.0028,-0.0368,0.000262134,0.001454655
31/10/2005,-0.011654377,-0.01445631,0.000988091,0.000405428,0.002178161,-0.007333642,-0.005617892,0.008872664,-0.013001753,0.003683942,-0.016680982,-0.002942139,-0.0008,-0.0225,-0.000338674,0.000425865
30/11/2005,0.001250728,-0.000427907,-0.001358623,0.004334549,-0.009717968,-0.00073971,-0.006517428,-0.003973171,0.002483361,-0.005477548,0.000377027,0.001987075,0.0023,0.0049,0.000649002,-0.001451621
31/12/2005,0.006248976,0.010719159,-0.001380975,-0.001436562,-0.005323511,0.004175716,-0.009670374,-0.001888896,0.010085281,-0.003642858,-0.009848288,0.001842211,-0.0042,0.0236,0.000924105,0.005074107
31/01/2006,-0.000633678,0.0062452,0.007093034,0.016846302,0.011827603,0.007952694,-0.007523057,0.0120594,-0.003319853,0.012497101,0.011576841,-0.003054285,0.0025,-0.015,0.001055665,-0.003506504
28/02/2006,0.000496677,0.001705938,0.002669574,0.006300245,-0.003236987,0.004509042,-0.000178283,-0.015905271,0.006378883,-0.004586936,0.004599023,0.0032177,-0.011,0.0203,-0.001659297,0.003560547
31/03/2006,-0.01128995,-0.016270663,0.006997406,0.022297812,0.009606954,-0.003895824,0.009359657,0.016057371,-0.021748819,0.014190665,0.03329533,0.001176932,0.0135,-0.0573,0.002636155,-0.0039553
30/04/2006,-0.005290405,-0.009792209,0.005465879,0.011887592,0.004850595,-0.002335035,-0.009943678,0.003852186,-0.013263568,0.003052986,-0.010424156,0.000664399,0.0023,-0.0284,0.001107498,-0.00026088
31/05/2006,-0.004839522,-0.003161092,0.000685666,0.001691737,0.003519133,0.001511844,-0.002763843,0.004251798,-0.006145134,0.001176157,-0.003433419,0.003945959,-0.003,-0.0026,0.001400881,-0.00159248
30/06/2006,-0.003739512,0.003186594,-0.003289012,-0.005355374,0.003617773,0.002391911,0.004022552,0.005522865,-0.001930188,0.002020712,-0.004224307,-0.001107996,-0.0053,0.0049,-0.000265511,-0.00025067
31/07/2006,0.009242644,0.008265785,-0.001208852,-0.005426189,-0.000216834,0.004440177,-0.006237432,-0.001000781,0.007554532,0.001712243,-0.001833583,-0.001858638,0.0038,0.0159,-0.000157957,0.001318855
31/08/2006,0.013576892,0.020743859,0.0008965,-0.006633395,0.005185185,0.012234615,-0.014778697,0.001407869,0.015919806,0.006477721,-0.016335142,-0.002314051,0.0062,0.0259,-0.001438571,-0.000916383
30/09/2006,0.007164184,0.008911763,0.000970166,0.002415651,0.000438215,0.005377035,-0.007547988,-0.003023204,0.009386348,0.00173076,-0.007017979,-7.96E-05,0.0013,0.0128,0.003072152,0.00200863
31/10/2006,0.005511544,0.009377389,0.003787274,0.005365634,0.002983679,0.007570696,0.002142942,-0.00028506,0.00735372,0.000309613,-0.011537204,-0.001067297,0.005,0.0036,0.002055892,0.002297818
30/11/2006,0.010481494,0.017909895,0.002725162,-0.001004792,0.004809692,0.01026021,0.011359908,0.000131028,0.012906233,0.002051414,-0.009614744,-0.001964083,0.0039,0.0166,0.001489019,0.003336512
31/12/2006,-0.008308383,-0.014848759,0.007505582,0.022175352,0.002518595,-0.004752993,-0.011068819,-0.001438543,-0.012436026,0.005961878,0.015236806,0.000383194,0.0004,-0.0278,0.000810722,-0.000181309
31/01/2007,-0.001782547,-0.00119836,0.004823633,0.018891711,0.003433457,0.005560425,-0.003824034,0.003961749,-0.001840957,0.005393415,0.016766554,0.001526413,0.0051,-0.0142,0.002621442,0.001311453
28/02/2007,0.014214337,0.015438599,-0.000210899,-0.008480505,0.000769328,0.009831006,0.010023064,-0.000236015,0.015841341,0.000227996,0.000148074,0.002172808,-0.0048,0.0291,0.000740125,-0.00056092
31/03/2007,-0.007806437,-0.019985556,-0.001948113,0.010514492,-0.002841003,-0.012630297,-0.010088251,-0.0021684,-0.016717184,-0.000116413,0.01673716,0.000635096,-0.0086,-0.0183,0.002124478,0.000147327
30/04/2007,0.004135317,0.008282617,0.002928921,0.006891029,0.001834637,0.007735358,0.005034909,-0.002396238,0.006315563,0.001921859,0.007639674,0.000113329,0.0055,0.0042,0.000516203,0.002191564
31/05/2007,-0.009881657,-0.007522778,0.006494916,0.020706284,0.001172034,-0.000338332,-0.001911572,0.001192402,-0.008476934,0.003663412,0.006887125,0.000836352,0.0022,-0.0244,0.000194471,-0.004239892
30/06/2007,-0.011677798,-0.018040735,-0.005607446,-0.012627926,-0.002716173,-0.009055743,0.007366064,0.002354055,-0.01675207,-0.003301344,-0.010938723,0.003989684,-0.0057,-0.0132,0.000239773,-0.000252988
31/07/2007,-0.00926632,-0.019855127,-0.026234125,-0.029730305,-0.013856681,-0.021118977,0.006623634,-0.004199603,-0.010543408,-0.014203574,-0.019221583,0.002890057,-0.0316,0.0244,0.001185786,0.008136994
31/08/2007,0.006039218,0.005848605,-0.006027858,-0.003969544,-0.00683302,-0.00440914,-0.001929713,0.004873838,0.012345964,-0.001690773,-0.004460239,-0.005591434,-0.0047,0.0159,0.00431411,0.009554902
30/09/2007,0.007670331,0.008536361,0.007420491,0.016769297,0.005180906,0.011875257,-0.010112268,0.002919074,0.002568937,0.010731544,0.00998732,-0.009096116,0.0123,-0.003,0.000910063,0.002000253
31/10/2007,0.005986847,0.007370525,-0.000574014,-0.001515601,-0.0088891,-0.001472973,0.000582954,0.003763433,0.010602474,-0.001959699,0.004749703,0.004188559,-0.0067,0.0123,0.002249924,0.00456273
30/11/2007,-0.000546521,-0.014813966,-0.035522824,-0.030218138,-0.023165154,-0.02654701,0.019714858,0.002525794,-0.004932934,-0.021113316,-0.012464233,0.004737704,-0.0389,0.0436,0.007076966,0.014298816
31/12/2007,-0.002594529,-0.00547517,0.001270259,0.001940705,9.17E-05,-0.000539867,-0.00134307,-0.002385975,-0.0004349,-0.000486649,0.010028308,-0.004790295,0.0057,-0.0063,0.001496447,-0.002187643
31/01/2008,0.005398599,-0.012810934,-0.022664221,-0.029508442,-0.00279998,-0.015072052,0.012357344,0.009269533,-0.015725616,-0.005431114,0.007163425,-0.006638707,-0.0196,0.0186,0.005367608,0.009334136
29/02/2008,-0.003081968,-0.020083519,-0.010935556,-0.011211463,-0.01372391,-0.022771799,0.014335173,0.000196433,-0.011124186,-0.017599178,-0.016163952,0.004366073,-0.0089,-0.0003,0.007236642,0.010533515
31/03/2008,-0.012069704,-0.010357381,-0.020509007,0.011323078,-0.015588426,-0.014079445,0.008715151,-0.00156427,0.002594704,-0.012858178,-0.001849114,-0.000237272,-0.0165,0.0093,-0.001997434,0.012980197
30/04/2008,0.012546039,0.043999566,0.034886116,0.041095439,0.02858298,0.037614153,-0.038084869,0.001471387,0.008937367,0.040128362,0.034153911,-0.014002702,0.0379,-0.0305,0.001400303,-0.026616945
31/05/2008,-0.009356898,-0.005118451,0.010203486,0.028091292,0.014213701,0.01480141,-0.002018922,-0.003520392,-0.017242755,0.008701068,0.013321707,0.006298002,-0.0113,-0.0182,-0.003511208,-0.003540692
30/06/2008,-0.011046967,-0.025257122,-0.022019379,-0.030390447,-0.021475294,-0.024517382,0.008388468,0.00079529,-0.000477912,-0.020645373,-0.003975436,0.011669548,-0.0281,0.0202,0.002261033,0.006896324
31/07/2008,-0.011077265,-0.040082201,-0.014424305,0.000171194,-0.024350439,-0.025602986,0.024976723,-0.010460669,-0.010478033,-0.027277952,-0.016613018,-0.004288403,-0.0084,-0.0042,0.003084297,0.016331129
31/08/2008,0.006246886,0.000234088,-0.005375776,-0.004422444,-0.002863217,-0.006975525,0.004430984,-0.003209041,0.004978633,-0.002963209,-0.001144293,0.000900661,-0.0121,0.0227,-0.001165262,0.001854603
30/09/2008,-0.082171197,-0.097849267,-0.088915668,0.01402687,-0.077320266,-0.105091058,0.085282756,-0.054829482,-0.01549218,-0.095651884,-0.056656651,0.037339933,-0.0975,0.0099,-0.010752352,0.071344502
31/10/2008,-0.073323841,-0.006023913,-0.068528323,-0.129207891,0.017438248,0.00144489,-0.009502443,-0.004561106,-0.061068214,-0.019867351,0.016523865,-0.039264475,-0.0067,-0.0398,0.00648165,-0.004000978
30/11/2008,0.016007787,-0.004044914,-0.054074326,-0.175434574,-0.063493869,-0.079902548,0.007138198,-0.014394326,0.061451522,-0.013909127,0.049447855,0.002597135,-0.0269,0.1435,0.007776269,0.02164544
31/12/2008,0.070633632,0.100224606,0.025488344,-0.049358923,0.042671935,0.021031589,-0.079336982,0.04902353,0.037826409,0.058915548,0.044771377,-0.066054726,0.0593,0.0964,0.019297888,-0.002996446
31/01/2009,0.011461552,-0.003934068,0.054571829,0.069547813,0.015505997,0.0300982,-0.037981775,-0.026733486,-0.022372713,0.055346339,0.076893309,0.008924324,0.0175,-0.1124,0.011314814,-0.000605275
28/02/2009,-0.018472856,-0.071805162,-0.012456147,-0.017477461,-0.037082838,-0.047440803,0.011011787,-0.032878924,0.006428229,-0.043857047,-0.02955059,0.007827538,-0.0252,-0.0056,0.019792697,0.038805417
31/03/2009,0.000493629,-0.003484708,-0.024053762,0.033376509,0.004258764,0.017862177,0.017003362,0.017208071,-0.024991354,-0.013540964,-0.003793716,0.006163427,-0.0659,0.064,0.008262502,0.008934512
30/04/2009,0.041778016,0.086241919,0.06956215,0.094898085,0.028127247,0.099491043,-0.075651364,0.037881639,-0.019473443,0.094402974,0.045505742,0.023308999,0.0619,-0.0651,-0.014397756,-0.041338241
31/05/2009,0.041457851,0.129934959,0.05726703,0.013693353,0.056384012,0.105085961,-0.070015762,0.03307949,-0.00755279,0.106022118,-0.01278111,0.04857233,0.0737,-0.0249,-0.00936879,-0.045511254
30/06/2009,0.029464874,0.029885384,0.031229608,0.005594006,0.01906491,0.038303803,-0.018545628,0.018700892,0.020076979,0.040787893,-0.010499596,0.026677267,0.0267,0.0083,0.002986449,-0.003758319
31/07/2009,0.042961622,0.030184196,0.036915557,0.02476623,-0.001021601,0.027631435,0.010056381,-2.98E-05,0.036589867,0.038873276,-0.019305921,-0.001374331,0.0546,0.0018,0.00123252,0.019797756
31/08/2009,0.018975629,0.036375777,0.007992345,-0.000955401,0.032211809,0.032836983,0.010936176,0.019246554,-0.002937348,0.038240176,0.021531667,0.029920167,0.0004,0.023,0.002233386,-0.008216259
30/09/2009,0.024667723,0.049246077,0.015101737,0.037344035,0.020174779,0.039776199,0.020535929,0.022972109,0.009191692,0.042944249,-0.029341718,0.014345864,0.0097,0.0175,0.001421287,0.010270472
31/10/2009,0.008790569,0.010838138,0.011451929,0.006307338,0.011536261,0.014602141,0.006899236,0.004916707,-0.005755771,0.017541993,-0.001722279,0.004055118,0.0187,-0.0172,0.002227758,0.015547905
30/11/2009,0.013577075,0.000721698,-0.001348755,0.003654071,0.001469946,0.004247158,0.004207678,0.000167063,-0.001680784,0.002174616,0.005218008,0.006242382,-0.0164,0.0208,0.00544324,-0.001596293
31/12/2009,-0.00341262,0.015252845,0.028934015,0.043608715,0.015820831,0.021278708,0.007906756,0.019091886,-0.007056862,0.02844027,0.00910226,-0.007315516,0.0309,-0.0584,-0.006346013,-0.000888048
31/01/2010,0.017759005,0.008398655,-0.001439723,0.004102853,0.004490206,0.008473008,0.0057102,0.009830933,0.004786645,0.007847623,0.013337677,0.014565048,-0.0168109,0.0262637,0.0033653,0.006379707
28/02/2010,0.003239319,-6.38E-05,0.001929848,-0.003875279,0.001943738,-6.42E-05,0.001793473,0.003978176,-0.004378069,0.000713518,0.003727415,0.00174479,0.0007258,0.0031542,0.002455889,0.002865448
31/03/2010,0.006544699,0.024509594,0.015970964,0.019422694,0.010270123,0.014504785,0.016462172,0.016516113,-0.002449806,0.013816876,0.00226613,-0.00109578,0.0223838,-0.0178755,-0.004527642,-0.005134157
30/04/2010,0.018940907,0.02112793,0.005158724,0.009906296,-0.001613936,0.013687367,-0.003548341,0.008099421,0.02038991,0.009411227,0.015238262,0.006796801,0.0053437,0.0302965,0.00422246,0.000400993
31/05/2010,-0.008427879,-0.027821978,-0.031039352,-0.026448221,-0.010664209,-0.019709437,0.002442048,-0.019376371,-0.007959172,-0.009983797,0.010981911,0.012293266,-0.0487867,0.0435836,0.003638865,0.003082344
30/06/2010,0.019743105,0.015054606,-0.005202281,-0.019196664,-0.002345323,0.003766083,0.008145209,-0.002877055,0.021062264,0.002331944,0.00446125,-0.003685442,0.0073811,0.0444643,0.004438988,0.002550439
31/07/2010,0.020710826,0.017907665,0.016463483,0.013677951,0.003982112,0.014127175,-0.00832265,0.005921728,0.012359532,0.013039565,-0.002474219,-0.008923757,0.0145417,0.0023381,-0.001507846,-0.001183458
31/08/2010,0.017007167,0.010276988,-0.011752347,-0.026006549,-0.006894156,-0.000689533,0.019235566,-0.004307674,0.024180033,-0.007030719,-0.00257581,0.006991378,-0.0228938,0.0701126,0.002088308,0.000911795
30/09/2010,0.009365823,0.012160139,0.012087129,0.026296311,0.008003378,0.009385145,-0.004047031,0.010046579,-0.002803309,0.016579007,0.012844934,-0.006076047,0.0009353,-0.0154301,0.002981835,-9.68E-05
31/10/2010,0.004769992,0.002532278,0.011305978,0.027709242,0.005297367,-0.00025048,-0.015220978,0.002612669,-0.008529338,0.006682464,-0.009110694,-0.002922597,0.0114642,-0.0318387,0.0032502,-0.003033418
30/11/2010,-0.008025637,-0.010395252,0.002051964,0.002819295,9.50E-05,0.001406422,-0.009712917,-0.003405932,-0.00574987,0.002237351,0.011317147,0.00770055,0.007999,-0.0138264,0.001677152,0.001145776
31/12/2010,-0.003838802,0.016478376,0.02031226,0.02220509,0.010585036,0.015665501,0.003002248,0.008640603,-0.00713467,0.011094557,0.006795422,-0.006650414,0.0351952,-0.0389143,0.000751686,-0.006815015
31/01/2011,0.005821676,6.44E-05,0.008556502,0.028022217,0.009734592,0.004585932,0.001578366,0.009664783,-0.009332035,0.004479383,0.011619081,0.000259228,-0.0002,-0.0197,0.00106168,-0.003552269
28/02/2011,0.008287867,0.014432831,0.008737625,0.003715438,0.004867076,0.011308983,0.003769426,0.006539771,0.012060783,0.004990169,0.00306377,0.003075366,0.0044,0.0112,-0.00021654,-0.002327716
31/03/2011,-0.000126689,-0.001531293,0.000782462,0.007556574,0.002967808,-0.001214749,0.000104636,0.000623922,-0.00358131,0.001345776,0.003197328,0.002317984,-0.0066,-0.0007,0.001411032,0.000362572
30/04/2011,0.01693605,0.013776328,0.002055066,-0.003343674,-0.000216702,0.008772911,-0.004356646,0.002161066,0.013961691,0.003957123,0.008338296,-0.002831325,0.004,0.0198,0.000229205,0.001325978
31/05/2011,0.012972016,0.007916379,-0.006239571,-0.009090066,-0.002817111,0.003582743,-0.004620838,-0.001652284,0.014071571,-0.000832865,-0.009798977,0.004276685,-0.0098,0.0355,0.00386908,0.000541348
30/06/2011,-0.00837777,-0.015390703,-0.003702169,0.000449316,0.000972091,-0.009203398,-0.008214273,-0.005545243,-0.014511985,0.0010725,0.016539201,0.000853283,-0.0031,-0.0179,0.000925735,0.000592415
31/07/2011,0.02209191,0.008110274,-0.001763564,-0.013918173,-0.008453279,0.006212544,0.007691617,-0.008135316,0.028696521,-0.000784441,0.019495803,-0.002208292,0.0051,0.0422,0.005896693,0.005608901
31/08/2011,-0.005173663,-0.0189271,-0.042789922,-0.03881986,-0.009966635,-0.016353066,0.00826532,-0.021766632,0.010954491,-0.01224195,-0.018600156,0.008451621,-0.0622,0.0862,0.003333599,0.020267396
30/09/2011,-0.001789975,-0.004497104,-0.029714001,-0.038350212,-0.013900232,-0.011587995,0.028681719,-0.025466165,0.029600177,-0.027525002,-0.012953025,0.007540068,-0.0129,0.0703,0.010195696,0.021322913
31/10/2011,0.022043575,0.022013541,0.030846785,0.024931162,0.003639162,0.031108926,-0.022139514,0.008915412,0.010720053,0.02368755,0.024324522,-0.01961801,0.04,-0.0306,-0.010556904,-0.013070864
30/11/2011,-0.018201767,-0.034369733,-0.025249825,0.012536823,-0.005820873,-0.024077339,0.011926033,-0.008241818,-0.019249985,-0.009781715,0.039967545,0.020701991,-0.0607,0.0251,-0.001547829,0.01465475
31/12/2011,0.022481915,0.027553636,0.00890795,-0.001036378,-0.000569525,0.018399045,0.011415127,0.001219437,0.027157793,0.004482225,0.029780737,-0.013284045,0.0242,0.027,0.000267583,-0.001431167
31/01/2012,0.022577911,0.03392442,0.018000929,0.007030729,0.014232855,0.022637926,-0.018479494,0.005760469,0.007089905,0.019527942,-0.013246615,-0.007649595,0.0192,0.0002,0.007446546,-0.01877646
29/02/2012,0.009960765,0.016610211,0.01939103,0.01390405,0.007171359,0.013407018,-0.008686185,0.000993956,0.004378262,0.00744203,-0.007297692,-0.004960401,0.0253,-0.0196,-0.00110428,-0.008585449
31/03/2012,-0.007062321,-0.007283211,0.008415471,0.008980545,0.009517352,0.001485091,-0.020905122,0.001116293,-0.02331411,0.012821595,-0.003560668,0.006755001,-1.00E-04,-0.0302,0.003779833,-0.004071753
30/04/2012,0.013389275,0.011242669,-0.007532072,-0.005840286,-0.004557178,0.004014882,0.002310495,-0.001935493,0.015946413,-0.005848487,0.01272157,0.00126522,-0.0158,0.0409,-0.003623103,-0.001223438
31/05/2012,0.004090425,0.005021623,-0.026250341,-0.02028698,-0.005120925,-0.002351348,-0.007508572,-0.006151351,0.016995871,-0.015477485,-0.019570933,0.009413324,-0.0299,0.0643,0.001957757,-0.001313565
30/06/2012,0.006967933,0.007443546,0.013276234,0.011028672,0.006194945,0.010572485,0.009027908,0.002055759,0.000640399,0.011552513,0.015807295,-0.008798715,0.02,-0.0137,-0.001167212,0.005350184
31/07/2012,0.026815133,0.031076355,0.01139294,-0.021459312,-0.000837929,0.018928633,0.012660874,-0.003954756,0.034175064,-0.010829634,-0.006070189,-0.008438214,0.0365,0.0247,0.002694288,0.003333395
31/08/2012,0.004444134,0.006128851,0.008458558,0.009833309,0.006206843,0.005607763,-6.04E-06,-0.000139989,-0.004224469,0.007053481,0.003880837,0.002598979,-0.0025,-0.0068,0.000224084,-0.003271024
30/09/2012,0.007384374,0.008421341,0.013976125,0.012980714,0.007884737,0.007429341,-0.000803344,0.005397996,-0.002124841,0.007809783,-0.007138189,-0.001179558,0.002,-0.0147,-0.002026832,-0.008111109
31/10/2012,0.01116403,0.017472222,0.014226922,-0.003494966,0.001841309,0.010618167,0.014911516,-0.00474742,0.018044978,-0.010227367,0.005210034,-0.003863167,0.022,-0.0015,0.0023462,0.00109689
30/11/2012,-0.000574231,-0.006403299,-0.007994545,0.009065243,0.002448556,-0.001757377,-0.003858815,0.002948494,-0.007412861,0.001588613,0.01292835,0.0038819,-0.0236,0.0143,0.001178209,-0.000902501
31/12/2012,0.001354082,0.003856255,0.009492373,0.017520867,0.004639678,0.005674411,-0.001622767,-0.0010288,-0.004037511,0.006690279,0.000435908,-0.003357056,0.014,-0.0203,0.000892669,0.002461393
31/01/2013,-0.004522433,-0.006183974,0.008726985,0.025316904,0.007553052,-0.000203652,-0.007124433,0.000955637,-0.018234688,0.009212902,-0.006185649,0.004864634,0.0019,-0.0333,0.000158489,-9.39E-05
28/02/2013,0.007216592,0.003242827,-0.00155729,-0.00504171,0.000579903,0.004552328,0.000993939,7.47E-06,0.005047745,-0.00205429,0.000187251,0.002637227,-0.0021,0.0114,0.001564202,0.000853808
31/03/2013,0.002533304,9.58E-05,0.001316051,0.01066571,0.001848902,0.002377323,-0.00084552,0.005124066,-0.002935089,0.002520312,-0.000850165,0.003003489,0.0044,-0.0062,0.000845076,0.001560089
30/04/2013,0.017947065,0.0236907,0.002724134,-0.002331134,0.000394095,0.019315777,-0.010216452,-0.003367344,0.027361506,-0.002665579,0.009062424,-0.000929237,-0.0029,0.0378,7.49E-05,-0.002459272
31/05/2013,-0.020718873,-0.024074649,0.006171242,0.027062007,0.002747961,-0.015792461,0.015568087,0.007324761,-0.035088216,0.010829005,0.036040946,0.005050631,0.0093,-0.0629,-9.81E-05,0.002359671
30/06/2013,-0.026586142,-0.031713048,-0.005688381,-0.001208126,-0.000547342,-0.018894062,-0.011061915,0.001595486,-0.033608029,0.00588505,-0.033151243,0.002930231,-0.0086,-0.0285,0.00107639,0.002021284
31/07/2013,0.009665938,0.009892317,0.013099192,0.010454956,0.002116342,0.006841253,0.004851871,-0.002592443,0.002095585,-0.001288843,0.009264427,-0.005684533,0.0204,-0.0173,0.00014491,0.004725293
31/08/2013,-0.00617165,-0.005599709,0.003352666,0.002572568,0.00386634,-0.000239868,0.008043201,-0.000338818,-0.011397834,-0.00267092,0.005138199,0.003172119,0.0005,-0.0079,0.001626416,0.001794639
30/09/2013,0.00678727,-0.002940413,-0.005048193,0.002886286,0.001737855,-0.001633398,0.002727005,0.003294547,-0.00480617,0.000207306,0.002422716,-0.000610133,-0.0047,0.0061,0.002099109,0.00191396
31/10/2013,0.016093947,0.01923757,0.010356436,0.007166398,0.003515177,0.012159562,-0.016347858,-0.003705158,0.017340023,0.004410018,0.00241061,-0.005044031,0.0083,0.0128,0.002111885,0.001197697
30/11/2013,-0.001476361,-0.006371694,0.005998044,0.008393715,0.003394376,-0.003467673,0.011952016,0.010053586,-0.012061031,-0.002895157,0.006262627,-0.00025499,0.015,-0.0236,0.00159881,0.002035246
31/12/2013,-0.000603429,0.00412465,0.014711193,0.008031211,0.002117742,0.006860907,-0.000422161,-0.002335066,0.002619287,-0.000609241,0.002359482,-0.00375436,0.0209,-0.0207,0.002378645,-0.0004525
31/01/2014,0.017868908,0.021881426,-0.008806144,-0.015898706,-0.001590535,0.013263128,-0.013424847,-0.008707704,0.025166653,0.004583027,0.000258797,0.008057959,-0.0217,0.0548,-0.001498487,-0.002763098
28/02/2014,0.012102067,0.018682556,0.008982971,0.004885753,0.003666273,0.012403248,8.63E-05,-0.004531384,0.01668585,0.004359193,0.000315812,-0.004989104,0.0094,0.0074,0.000237797,0.002264753
31/03/2014,0.000374718,0.003178255,0.003346175,0.001715377,-0.00072888,0.004702523,0.002352347,-0.00263976,0.004652319,-0.001613889,-0.003628531,0.00272506,-0.0001,0.0063,0.001325929,0.000615173
30/04/2014,0.011070749,0.014807558,0.00279329,-0.005168643,0.000787693,0.009142976,0.011376501,-0.001633614,0.015174996,0.00039359,-0.007256094,0.000276442,-0.0021,0.0181,-1.98E-05,-0.001515336
31/05/2014,0.013379202,0.01574161,-0.000538553,-0.003937297,0.002016763,0.009344493,0.013661673,-0.00396694,0.01718896,-0.000314758,-0.016067603,0.002631981,-0.0091,0.0279,0.000854597,-0.001215314
30/06/2014,0.002474296,0.003468224,0.004554672,0.008208761,0.002197051,0.004172784,0.002092476,-0.001556799,0.003221732,0.000865155,-0.00264738,-0.000819857,0.0045,-0.0025,0.001008995,-0.000834281
31/07/2014,-0.00379122,-0.002058086,-0.004296503,-0.01108542,0.000978058,-0.000568592,0.00195142,0.001455037,0.001072954,-0.001269973,0.001890474,0.004612018,-0.0033,0.0057,-0.000115412,0.002089331
31/08/2014,0.014939876,0.018714822,-0.002374456,-0.005427599,0.00180473,0.015051089,0.021587529,-0.001885434,0.022527062,-0.003552635,0.003205153,-0.003403051,-0.0013,0.0369,0.000366433,0.001551867
30/09/2014,-0.014601187,-0.023639323,-0.006696503,-0.007758601,-0.001763634,-0.016187547,-0.013424385,0.001538985,-0.018949462,-0.001763984,0.02253938,0.004941667,-0.0101,-0.017,0.000237347,-0.00035419
31/10/2014,0.010208126,0.007450428,-0.003068248,-0.002230822,0.000518418,0.004164652,0.010161956,-0.004419963,0.013467318,-0.004691195,0.014554075,-0.004706106,-0.0075,0.03,0.002914792,0.001652173
30/11/2014,0.004624186,0.002384105,-0.009651572,-0.015289208,0.00012982,0.001811198,0.00952541,-0.001890182,0.00516838,-0.006219763,-0.008083092,0.001941416,-0.0113,0.0286,0.000939839,0.003520243
31/12/2014,-0.001255448,-0.000792437,-0.00583146,-0.022105437,-0.008701533,-0.000511869,0.017000556,0.000105096,0.011702737,-0.012937704,-0.005800744,-0.002391408,-0.0107,0.029,0.003852823,0.009101208
31/01/2015,0.027291419,0.039026293,-0.014039428,-0.026442103,-0.004743005,0.018748403,0.03188113,0.002027525,0.04009358,-0.010526571,-0.023815027,0.002199024,-0.011,0.0709,0.005732433,0.007309527
28/02/2015,-0.005399497,-0.010646252,0.020519921,0.040464143,0.007493579,-0.000208117,-0.025345552,-0.004529944,-0.019251098,0.01894595,0.023848432,-0.004153036,0.0203,-0.0523,-0.005277564,-0.009795446
31/03/2015,0.001631641,-0.009262222,-0.00673463,-0.008740798,-0.005171707,-0.004269327,0.005484668,0.001319925,-0.001189556,-0.003419534,0.010368951,0.003015629,-0.0079,0.0137,0.001934837,0.005844206
30/04/2015,-0.004488035,-0.01726546,0.005067892,0.020356937,0.006793749,-0.009055187,-0.015039828,0.007955076,-0.018425019,0.010250554,0.006172021,0.002814298,0.0027,-0.025,-0.000299097,-0.00510828
31/05/2015,-0.004727082,-0.017158295,0.002582507,0.007311891,0.003782662,-0.008657003,-0.01318889,0.00544695,-0.015702022,0.003230599,-0.013871271,0.000223721,-0.0045,-0.0159,0.002702255,-8.35E-05
30/06/2015,-0.017325486,-0.037834342,-0.003415829,-0.002935458,-0.003395656,-0.021076751,-0.009625024,0.006371685,-0.028103241,-0.003731486,-0.026184571,-0.000835002,-0.0022,-0.0298,0.002820015,0.003544238
31/07/2015,0.00401414,-0.004550847,-0.012179901,-0.021293374,-0.010361448,-0.000329661,1.54E-05,-0.007246395,0.011301206,-0.009836321,0.00014984,-0.000799287,-0.009,0.0329,0.003145215,0.006360154
31/08/2015,-0.008323066,-0.025214716,-0.005955484,-0.012042211,-0.009116622,-0.014993638,0.008384533,0.000739295,-0.008563409,-0.009541159,-0.006092165,-0.00123233,-0.0079,0.0012,0.005162457,0.008994271
30/09/2015,0.002335201,-0.010364556,-0.012092828,-0.037828673,-0.011277786,-0.014139143,0.007313843,0.005241399,0.002537233,-0.00912319,-0.000687714,0.001212737,-0.0041,0.0174,0.00516479,0.007106089
31/10/2015,0.008030052,0.011478948,0.014051715,0.022966099,0.003185564,0.01503713,-0.006111857,-0.00984779,0.007358475,0.01071546,0.014018905,-0.011063748,0.0073,-0.0053,-4.68E-05,0.002279063
30/11/2015,-0.005527847,-0.019830732,-0.000938396,-0.02881989,-0.008757821,-0.014914714,0.013626857,0.002067343,-0.003711557,-0.010511448,-0.009458499,-0.00119968,0.0085,-0.0065,0.003147398,0.010323128
31/12/2015,-0.012167404,-0.031798104,-0.008991185,-0.02167669,-0.026868149,-0.029794051,0.025200696,-0.012055463,-0.009431465,-0.018221918,-0.011267681,-0.001471934,0.0022,-0.0022,0.00078884,0.018781629
31/01/2016,0.001410049,-0.022404842,-0.026667118,-0.021846332,-0.019165751,-0.025708694,0.018604218,-0.014566943,0.001562749,-0.016772489,-0.037391311,0.001752616,-0.0409,0.0475,0.00248993,0.021573531
29/02/2016,0.008551191,0.012975382,-0.003838059,-0.003550689,-0.000685066,0.009681368,0.000322039,-0.00451171,0.016261558,0.007530461,0.007592517,-0.011793638,-0.0062,0.0293,0.00615601,0.00400807
31/03/2016,0.030982024,0.068660641,0.029467836,0.019534806,0.017770919,0.056628185,-0.033636545,0.025266659,0.029894533,0.033949186,0.012581395,0.006282032,0.0426,-0.0005,-0.001469212,-0.016613765
30/04/2016,0.017836076,0.045086211,0.022332927,0.023551593,0.021701816,0.037132059,-0.018864705,0.015927578,0.016243591,0.017154757,-0.034128489,0.008869417,0.0199,-0.0055,-0.000882162,-0.010002987
31/05/2016,0.000173169,0.002211688,-0.000781088,0.006411241,0.005692174,0.006129202,-0.004188276,-0.001686969,-0.003731346,0.002926888,0.003556464,0.009186718,-0.0066,0.0081,0.00107828,-0.000723719
30/06/2016,0.021454523,0.035476834,-0.010454111,-0.012817702,0.008353472,0.021677856,0.018871897,0.007530697,0.026653172,-0.000737722,0.000388384,0.00463786,-0.0213,0.0589,-0.000530208,0.003962358
31/07/2016,0.015848707,0.025658687,0.011304458,0.008821624,0.004851461,0.022720545,0.019279049,-0.001021902,0.022590269,-0.003292013,-0.018606231,0.001001419,0.0164,0.0079,-0.002280003,-0.000250428
31/08/2016,0.004373223,0.01397845,0.012589319,0.017677157,0.011384772,0.013624895,0.008310132,0.003925291,0.003873622,0.006054774,0.003194714,0.001024862,0.0156,-0.0142,0.000778826,0.003174407
30/09/2016,-0.001646069,-0.00651067,0.000425765,0.013089116,0.003819331,-0.002440666,-0.006092397,0.001865789,-0.009702713,0.006913139,0.004727158,0.002323702,0.0005,-0.0126,0.001169128,0.001725798
31/10/2016,-0.008190447,-0.011883089,0.008147763,0.014372844,0.006722742,-0.008895978,-0.011923376,0.003001891,-0.017337565,0.008661234,-0.011256113,0.004122979,0.0051,-0.0316,0.002126899,0.007118009
30/11/2016,-0.024199143,-0.032607003,0.012682959,0.019507771,0.007902039,-0.014287333,-0.021208681,-0.001162735,-0.035210657,0.01138673,-0.025848845,-0.00262949,0.0089,-0.0601,0.005047898,0.000366167
31/12/2016,0.007973986,0.020010524,0.009683078,0.012229401,0.005787582,0.014935859,0.008411583,0.006696619,0.009562464,0.003469587,0.01513678,-9.42E-05,0.0116,-0.0058,-0.00033885,-0.000557642
31/01/2017,0.004110474,0.007673052,0.002288928,0.008025454,0.005346368,0.002907395,-0.000465521,0.002662201,0.000126133,0.001111682,0.00151303,0.003922097,-0.0064,0.004,0.001049942,-4.82E-05
28/02/2017,0.011044718,0.013618638,0.006266122,0.000558003,0.003349885,0.012354818,-0.013010398,-0.003276137,0.013286652,0.003380241,0.001502562,-0.001632504,0.0075,0.0133,0.001367553,-0.001205722
31/03/2017,-0.002862289,-0.008746001,-0.004333765,0.001184922,0.001143923,-0.005386863,0.003704076,-0.001592243,-0.007800544,-0.000151009,0.007843051,0.000580583,-0.0022,-0.0044,0.00102908,0.00055956
30/04/2017,0.009916515,0.011450089,0.002056305,0.000321005,-0.000674097,0.006985516,-0.005902648,-0.000502967,0.010252912,-8.45E-05,0.007010449,-0.000781578,0.0031,0.0142,0.000708093,-0.001016959
31/05/2017,0.011102981,0.016656775,0.003705275,-0.003886059,-0.000507059,0.011774998,-0.007935757,-0.000928265,0.016311325,-0.003781066,-0.011826387,-0.001162772,0.0068,0.0153,3.89E-05,0.000974519
30/06/2017,0.001553316,0.003025687,0.002783669,-0.002464942,7.49E-05,0.006891981,0.004519991,-0.007499526,0.008013008,-0.004199516,-0.008288188,-0.00199655,0.0118,-0.0016,0.00329955,0.003060731
31/07/2017,0.006819505,0.004368729,0.007788472,0.002261376,0.000234664,0.002399007,0.00188097,0.003441071,0.002382097,0.001105543,0.004922535,-0.000643033,0.0087,-0.0033,0.000483757,-0.001348953
31/08/2017,0.006303485,0.010320144,-0.007907738,-0.010627354,-0.001227632,0.006349035,0.009081071,-0.004953466,0.009829783,-0.00327256,0.00224498,0.006424926,-0.0136,0.0282,0.001899901,0.000955928
30/09/2017,-0.001832327,-0.000712379,0.011388078,0.010787153,0.002393162,0.003880556,-0.002476281,0.006179804,-0.001252701,0.002398676,0.00862202,-0.004778125,0.0168,-0.0214,0.000930046,-0.002080649
31/10/2017,0.003102523,0.007599599,0.005305745,-0.001471235,0.003188668,0.005717815,0.003523823,0.004196174,0.006074621,-0.001312869,0.003834083,0.001852682,0.0089,-0.0022,0.000504727,0.00106156
30/11/2017,-0.002526579,0.003163328,-0.0021759,-0.002744396,-3.27E-05,0.004075379,0.005375693,1.23E-05,0.003976891,-0.001950187,-0.000121608,0.002849743,-0.0016,0.0027,0.00302349,0.002624359
31/12/2017,0.0080527,0.018001185,0.00471975,-0.007758836,0.000283775,0.014881177,0.014741447,-0.001585372,0.018930055,-0.006425055,-0.006122179,-0.001594614,0.0154,0.0094,0.000476898,-0.001057436
31/01/2018,-0.008836428,-0.001673558,0.010444758,0.02002937,0.007491925,0.001810809,-0.007174116,0.00709923,-0.010521535,0.00670426,0.005259863,2.65E-05,0.0072,-0.0324,-0.0015011,-0.001589779
28/02/2018,-0.016427539,-0.025036323,-0.003999327,0.004590634,0.007446907,-0.016971827,-0.022844331,0.002085729,-0.02771614,0.011761814,-0.009662067,0.00566352,-0.0089,-0.0235,0.000470948,-2.34E-05
31/03/2018,0.000487014,0.004586543,-0.010800764,-0.008596789,-0.000563498,0.002621632,0.00451608,-0.00192349,0.004858038,-0.003227452,0.002769873,0.001296175,-0.0135,0.0248,0.001524083,-0.001188834
30/04/2018,-0.00857943,-0.012866231,0.005097976,0.010957741,0.004530181,-0.006442968,0.002617571,0.00184601,-0.01689009,0.002809833,0.008581343,-0.000101036,-0.0023,-0.0189,0.000662077,0.000216113
31/05/2018,0.00387681,0.00167164,-0.004753311,-0.006099124,0.001407907,-0.001053451,-0.001138709,0.00245256,2.73E-05,0.002130899,0.002708379,0.001291294,-0.0024,0.015,0.000797224,0.00045861
30/06/2018,-0.006848778,-0.012001635,-0.007965707,0.006344223,0.001493298,-0.00518715,0.005274415,0.000704568,-0.013312939,0.003198293,-0.00064727,0.001108032,-0.0131,-0.0007,0.001602373,0.00093782
31/07/2018,0.006644731,0.013053965,0.013579884,0.005874965,0.0023967,0.011416778,-0.009878891,5.41E-05,0.011309046,0.003138692,0.015797143,-0.0096167,0.0232,-0.0145,-0.000492889,-0.002534955
31/08/2018,0.004529409,-0.000928209,-0.003017574,0.000751415,0.000413259,0.000834277,0.000282626,-0.003302837,-0.000550587,0.000919855,0.008125297,0.004684461,-0.0094,0.0136,0.001632595,0.00224485
30/09/2018,-0.003896805,-0.003126734,0.01071019,0.010348021,0.003902052,0.000187556,0.004797699,0.000155116,-0.005647364,0.000678948,0.008693018,-0.005425676,0.0398,-0.0534,0.000422034,-0.002175777
31/10/2018,-0.016786266,-0.034264879,-0.008313347,0.002312073,-0.001078956,-0.024755131,0.020179687,0.00433862,-0.029866554,-0.002394205,-0.001953628,0.004547479,-0.0119,-0.0219,0.002973959,0.000324011
30/11/2018,-0.003877535,-0.011877706,-0.01440057,-0.008791027,-0.003744479,-0.008149809,0.00304623,-0.001174505,-0.004575546,-0.002304068,-0.009782153,0.0017337,-0.0434,0.0486,0.001320047,0.005024329
31/12/2018,0.00921991,0.009491905,-0.014635329,-0.033964123,-0.008521758,-0.001210801,-0.013979225,-0.000502886,0.017659641,0.000326338,0.001906915,0.002657107,-0.0111,0.0463,0.001738091,0.00575312
31/01/2019,0.022366337,0.028891833,0.018861343,0.013823769,0.00573523,0.026932965,-0.015769252,-0.011994485,0.019201677,0.014786617,0.004023724,-0.016318603,0.0197,0.0061,-0.002126648,-0.002488225
28/02/2019,0.002299795,-0.000160158,0.008437187,0.011228103,0.003303467,0.003855992,-9.47E-05,0.001000542,-0.003708967,0.003114096,0.00550069,0.002717273,0.0017,-0.0112,0.000520139,-0.003011586
31/03/2019,0.022338392,0.03125267,-0.001260091,-0.01078933,-0.003297743,0.020444444,-0.008956899,-0.002283679,0.031922918,0.003242918,0.007471009,0.001786671,0.0038,0.0429,-0.002961979,0.004784244
30/04/2019,0.003606301,0.006327944,0.011055586,0.011148491,0.005455324,0.006960969,-0.001957377,-0.00130314,0.003176564,0.002637764,-0.00184358,-0.001003467,0.0037,-0.0145,-0.000540819,-0.000450833
31/05/2019,0.01065557,0.012545407,-0.019144785,-0.020361038,-0.004950374,0.005825261,0.013776632,-0.001430486,0.017197325,-0.005964565,0.008526877,0.006460894,-0.0154,0.0509,-7.95E-05,0.005830946
30/06/2019,0.021965097,0.03225907,0.014734051,0.000741532,-0.00165969,0.023061883,0.027034434,-0.001047267,0.028330826,-0.007022092,-0.007825844,-0.01080872,0.0233,0.0083,-0.001731906,0.001988325
31/07/2019,0.004494527,0.011151562,0.005293533,0.000980473,0.000575815,0.010191451,0.00924451,-0.00237731,0.011802709,-0.005571242,-0.008033997,0.002031457,0.006,0.0006,0.000395105,0.001247975
31/08/2019,0.027863804,0.041427339,-0.015149817,-0.027875662,-0.008767539,0.02877841,0.043557483,-0.009938666,0.04562103,-0.028978815,-0.029108108,0.0010933,-0.0059,0.0778,0.000474905,0.005200925
30/09/2019,-0.008401504,-0.014366625,0.005189031,0.006661979,0.001893647,-0.009176358,-0.014113008,0.007575948,-0.01491373,0.012970542,0.020637711,-0.000327948,0.0002,-0.0208,0.001337032,-0.000597441
31/10/2019,0.004081823,4.59E-05,0.007416385,0.000337813,-0.001135791,0.000202277,0.002909337,0.002906987,0.001780102,-0.002226232,0.00286412,-0.001092153,0.0058,-0.007,-0.001136512,0.001507115
30/11/2019,0.001621963,0.006607277,0.007424789,0.003633674,0.002234781,0.007443572,0.004787328,0.001187601,0.00487887,-0.002966953,0.00297332,-0.002343946,0.0073,-0.0074,0.001039212,-0.0009209
31/12/2019,0.002808837,0.005383999,0.014845872,0.016527929,0.00799073,0.004231259,-0.005264725,0.00147844,-0.002252893,0.006278517,0.003754889,-0.001502961,0.0164,-0.0265,0.001083317,-0.001376164
31/01/2020,0.020764277,0.025597986,-0.015113458,-0.018202204,-0.004266378,0.018350562,0.029545713,0.000219605,0.031458414,-0.019958581,0.018883547,0.006530206,-0.0113,0.0618,-0.005819048,-0.000402144
29/02/2020,0.01001982,0.003582395,-0.020914192,-0.022855666,-0.012377459,0.000663983,0.007050477,-0.000504771,0.0129123,-0.012632005,-0.016691074,0.002874112,-0.0308,0.0575,-0.002256692,0.002217779
31/03/2020,-0.078934819,-0.083586376,-0.11963034,-0.088559903,-0.045117004,-0.077491859,-0.030884631,0.028579735,-0.06792856,0.02440732,-0.013270811,-0.027621447,-0.0976,0.0613,0.028165175,0.040825055
30/04/2020,0.057378527,0.05683726,0.054566429,-0.007908376,0.026351821,0.059685579,0.030909852,-0.017709524,0.052138349,0.021088829,0.119907944,0.017464048,0.0265,0.007,-0.007204267,-0.016249145
31/05/2020,0.019225911,0.01290298,0.022579693,0.032962356,0.026067399,0.021974434,-0.020013284,-0.011811453,-0.002362655,0.025348947,-0.002042217,0.001746736,0.0181,-0.0097,0.000335558,-0.020661638
30/06/2020,0.018367743,0.017723781,0.017429721,0.01108705,0.006255515,0.021174659,-0.021438593,-0.00326553,0.016282881,0.004506193,0.015444435,0.0100125,0.0123,0.0022,-0.003662924,-0.015909174
31/07/2020,0.035928046,0.059751565,0.018069502,-0.00066429,-0.005487884,0.045065027,0.00516864,0.000309543,0.053863224,-0.023760261,-0.015792196,-0.002571086,0.0323,0.0286,0.003501878,0.006269379
31/08/2020,-0.0130536,-0.029195719,0.007595138,0.028675477,0.014924552,-0.013949839,-0.007577477,0.001686996,-0.036060801,0.031367667,0.041173493,0.010069936,-0.0139,-0.035,-0.000249872,-0.010752045
30/09/2020,-0.003768899,-0.007867017,-0.005915193,-0.008575096,-0.000446878,-0.006426942,-0.003024462,-0.000148713,-0.003911765,-0.000564034,-0.004661168,0.003027147,-0.0039,0.0079,0.001964151,0.003967667
31/10/2020,-0.001946841,-0.002360488,0.014821827,0.010585991,0.002992774,-0.00101905,-0.002080936,0.005654425,-0.00600286,0.002020125,0.001635179,-6.27E-05,0.0048,-0.0239,-0.000685659,0.002818358
30/11/2020,0.030212821,0.058370329,0.022933523,0.016986501,0.006719861,0.048169386,0.015357571,-0.002413709,0.047950899,-0.011751484,0.020287442,-0.004398968,0.0416,0.0092,0.000119952,-0.008350324
31/12/2020,0.005672264,0.007126975,0.01205899,0.014837954,0.009481044,0.008613382,0.001390477,0.007465597,0.000781718,0.003471198,-0.004180522,0.005341849,0.0115,-0.0116,0.000938045,-0.002695338
31/01/2021,-0.013055653,-0.024013141,0.00029621,0.019517815,0.010817636,-0.014039221,-0.020478436,0.010156142,-0.028363847,0.016338,-0.002241631,0.009598703,-0.0027,-0.0305,0.001357594,0.000384569
28/02/2021,-0.019041855,-0.028991056,0.010175646,0.021622098,0.013807259,-0.016154651,0.011261947,0.016202058,-0.033759297,0.018076451,-0.027544723,0.005137815,0.0179,-0.0581,-0.001894553,0.008289712
31/03/2021,-0.013933065,-0.021799571,0.009404428,0.008156434,0.007262293,-0.012251137,-0.0035109,0.010264059,-0.023649974,0.011905332,-0.022974539,-0.002050047,-0.0008,-0.0322,0.001949308,0.002240017
30/04/2021,0.013296642,0.019714031,0.001761715,-0.000739926,0.001806035,0.014168383,-0.005823605,-0.00014955,0.016231525,-0.004990902,0.021725036,0.004770444,-0.0016,0.0238,-0.000794454,-0.001297043
31/05/2021,0.006541303,0.006811214,0.004537046,-0.000410201,0.001623874,0.004312431,-0.001800232,0.005383037,0.005562147,-0.002535949,-0.003870733,-0.000640426,0.0044,0.0001,0.000552751,0.001373481
30/06/2021,0.018666568,0.04065716,0.004468299,-0.004216883,-0.004751637,0.033231055,-0.029745299,-0.006173612,0.039932332,-0.012191079,-0.011261707,-0.001255687,0.0158,0.0284,0.000387553,-0.006849735
31/07/2021,0.0126173,0.017334935,-0.008284557,-0.005290892,-0.00591036,0.012129451,-0.016259181,-0.005565666,0.019002806,-0.008693907,-0.017571542,0.002285522,-0.0066,0.0305,0.001726981,-0.003060878
31/08/2021,-0.00238013,-0.003751626,0.000548046,0.005246218,0.003031051,-0.000488923,0.000652732,0.003580278,-0.004755262,0.003179409,0.007295346,3.95E-05,-0.001,-0.0035,-0.000620836,0.001621008
30/09/2021,-0.010283603,-0.015126014,0.002292808,0.008565538,0.006606294,-0.010126204,-0.014981753,0.007633705,-0.017145497,0.007695743,-0.003616119,0.000980074,0.0056,-0.025,0.000447242,-0.001174633
31/10/2021,0.003752587,0.022051978,0.003591807,-0.001699203,-0.003399834,0.017632222,0.020834944,-0.000720646,0.020869548,-0.007298075,0.020191571,0.000996705,0.0108,0.0051,-0.000470764,-0.002647784
30/11/2021,-5.66E-05,0.003088699,-0.011741974,-0.0072279,-0.001004972,0.002867677,0.004726367,-0.003461647,0.00634707,-0.003656716,-0.005929822,0.00155783,-0.0116,0.021,0.000686568,-0.00162914
31/12/2021,-0.000715742,-0.003880117,0.007044622,0.008733857,0.006520587,0.000881471,-0.004672838,0.002438924,-0.006455952,0.004902576,0.013506107,-0.003416334,-0.0019,-0.0111,0.000883473,0.000315131
31/01/2022,-0.034117744,-0.043498589,-0.010668348,0.002696265,0.010904529,-0.03126104,-0.0295737,0.014153551,-0.044585507,0.018272246,-0.015202551,0.009105443,-0.029508,-0.0227144,7.41E-05,0.001479403
28/02/2022,-0.020303028,-0.031713608,-0.013358893,0.004708517,0.004605502,-0.022671489,0.000562766,0.005988029,-0.032314089,0.010890231,-0.03379089,-0.001906751,-0.0100017,-0.0168606,0.001656947,0.00143616
31/03/2022,-0.023241527,-0.008558105,0.015571104,0.002915903,0.00482696,-0.000394621,0.00828227,0.005064748,-0.008241685,0.00166358,-0.006401343,-0.00608421,0.0174444,-0.0525849,-0.001094198,0.00183846
30/04/2022,-0.053894136,-0.080352776,-0.005919077,0.012942905,0.019453698,-0.054828211,0.076598821,0.005804161,-0.080705716,0.001384535,-0.016320605,0.006396534,0.022640541,-0.0774211,-0.004744077,-0.002428643
31/05/2022,0.006483121,-0.006858834,0.00417122,-0.000274435,0.000434482,-0.000419457,0.005035655,-0.001613393,-0.00336036,0.001653807,0.001215312,-0.011802736,0.029268541,-0.0200315,-0.002813234,-0.000762831
30/06/2022,-0.027843483,-0.02801669,-0.013844771,-0.018719429,-0.003281409,-0.024948953,0.022907115,0.003655663,-0.023710995,-0.012734177,0.001848782,0.002714238,-0.019206603,-0.0090935,0.003146669,0.000422371
31/07/2022,0.035019356,0.038246474,0.011909097,-0.004611237,-0.008194909,0.026908181,-0.032214735,-0.015256501,0.033295035,0.024223067,0.04288253,-0.004486336,0.005407752,0.0263658,-0.001503314,-2.67E-06
31/08/2022,-0.032223187,-0.031457517,0.003799111,0.015320053,0.006565502,-0.015959896,0.033130628,0.016921553,-0.035137595,-0.014665076,0.042999853,0.004825998,0.012763576,-0.0428894,0.00315998,-0.005740301
30/09/2022,-0.057474052,-0.072595476,-0.010994368,0.012752161,0.010408845,-0.04410771,0.064965297,0.02146666,-0.068651266,-0.036597674,-0.066157772,-0.005049172,0.024330772,-0.0787847,0.005490846,-0.004767843
31/10/2022,-0.009595719,-0.018089446,0.012064423,0.020729009,0.007262094,-0.00490354,0.018961436,0.000980196,-0.021971867,-0.010256404,-0.021470131,-0.011619355,0.003594831,-0.015836577,0.003595788,-0.000938193
30/11/2022,0.047002015,0.073858706,0.01068032,-0.008107541,-0.009987741,0.043525437,-0.06779577,-0.027311303,0.06881216,0.048764492,0.055498884,0.006088011,0.025005254,0.024478129,-0.001963927,-0.001029634
31/12/2022,-0.00819986,-0.011888612,0.010169236,0.001674971,0.0045935,-0.003372583,0.011087105,0.001900448,-0.011174964,-0.009069636,0.014170683,0.00418066,0.000794936,-0.008082313,0.000934819,-0.000402115
